1603,Florida,GE,Jonathon Dickinison State Park,GE_JD,JD,FLJD173_1,FLJD173,1,3.60E+02,26.99215318,-80.14934256,-1.70E-01,-1.03E-02,-1.65E-02,3.21E-02,7.20E-04,1.57E-02,3.60E+02,23.3,10.2,50,3494,32.5,12.4,20.1,27.4,18.5,27.4,18.5,1419,200,61,41,515,199,515,199,23.3,10.2,50,3494,32.5,12.4,20.1,27.4,18.5,27.4,18.5,1419,200,61,41,515,199,515,199
1604,Florida,GE,Jonathon Dickinison State Park,GE_JD,JD,FLJD173_2,FLJD173,2,5.00E+02,26.99215318,-80.14934256,-1.02E-01,-1.21E-02,2.31E-03,2.41E-02,1.32E-03,2.60E-02,5.00E+02,23.3,10.2,50,3494,32.5,12.4,20.1,27.4,18.5,27.4,18.5,1419,200,61,41,515,199,515,199,23.3,10.2,50,3494,32.5,12.4,20.1,27.4,18.5,27.4,18.5,1419,200,61,41,515,199,515,199
1605,Florida,GE,Jonathon Dickinison State Park,GE_JD,JD,FLJD173_3,FLJD173,3,3.85E+02,26.99215318,-80.14934256,-1.45E-01,-1.34E-02,1.39E-02,-7.67E-03,-8.65E-03,1.61E-02,3.85E+02,23.3,10.2,50,3494,32.5,12.4,20.1,27.4,18.5,27.4,18.5,1419,200,61,41,515,199,515,199,23.3,10.2,50,3494,32.5,12.4,20.1,27.4,18.5,27.4,18.5,1419,200,61,41,515,199,515,199
3620,Florida,GE,Jonathon Dickinison State Park,GE_JD,JD,FLJD161_1,FLJD161,1,1.34E+03,27.00911505,-80.10746498,-2.49E-02,-3.87E-03,-2.18E-02,2.32E-03,2.32E-03,1.63E-02,1.34E+03,23.3,10.1,50,3500,32.4,12.4,20,27.4,18.5,27.4,18.5,1423,201,62,40,513,202,513,202,23.3,10.1,50,3500,32.4,12.4,20,27.4,18.5,27.4,18.5,1423,201,62,40,513,202,513,202
1600,Florida,GE,Jonathon Dickinison State Park,GE_JD,JD,FLJD161_1,FLJD161,1,1.13E+03,27.00911505,-80.10746498,-2.81E-03,-6.02E-02,-1.98E-02,-2.88E-02,-1.53E-02,4.07E-02,1.13E+03,23.3,10.1,50,3500,32.4,12.4,20,27.4,18.5,27.4,18.5,1423,201,62,40,513,202,513,202,23.3,10.1,50,3500,32.4,12.4,20,27.4,18.5,27.4,18.5,1423,201,62,40,513,202,513,202
3621,Florida,GE,Jonathon Dickinison State Park,GE_JD,JD,FLJD161_2,FLJD161,2,8.54E+02,27.00911505,-80.10746498,-9.49E-03,-1.39E-02,1.89E-02,-6.45E-02,9.62E-03,2.24E-02,8.54E+02,23.3,10.1,50,3500,32.4,12.4,20,27.4,18.5,27.4,18.5,1423,201,62,40,513,202,513,202,23.3,10.1,50,3500,32.4,12.4,20,27.4,18.5,27.4,18.5,1423,201,62,40,513,202,513,202
1601,Florida,GE,Jonathon Dickinison State Park,GE_JD,JD,FLJD161_2,FLJD161,2,1.13E+03,27.00911505,-80.10746498,-2.53E-02,-4.38E-02,-1.92E-02,5.36E-02,-3.23E-03,5.11E-02,1.13E+03,23.3,10.1,50,3500,32.4,12.4,20,27.4,18.5,27.4,18.5,1423,201,62,40,513,202,513,202,23.3,10.1,50,3500,32.4,12.4,20,27.4,18.5,27.4,18.5,1423,201,62,40,513,202,513,202
3622,Florida,GE,Jonathon Dickinison State Park,GE_JD,JD,FLJD161_3,FLJD161,3,8.78E+02,27.00911505,-80.10746498,-5.63E-02,-1.47E-02,1.93E-02,8.48E-02,1.83E-02,2.03E-02,8.78E+02,23.3,10.1,50,3500,32.4,12.4,20,27.4,18.5,27.4,18.5,1423,201,62,40,513,202,513,202,23.3,10.1,50,3500,32.4,12.4,20,27.4,18.5,27.4,18.5,1423,201,62,40,513,202,513,202
1602,Florida,GE,Jonathon Dickinison State Park,GE_JD,JD,FLJD161_3,FLJD161,3,1.17E+03,27.00911505,-80.10746498,6.87E-03,-2.91E-02,-6.48E-02,-7.68E-02,-1.99E-02,5.88E-02,1.17E+03,23.3,10.1,50,3500,32.4,12.4,20,27.4,18.5,27.4,18.5,1423,201,62,40,513,202,513,202,23.3,10.1,50,3500,32.4,12.4,20,27.4,18.5,27.4,18.5,1423,201,62,40,513,202,513,202
3619,Florida,GE,Jonathon Dickinison State Park,GE_JD,JD,FLJD160_1,FLJD160,1,4.54E+02,27.00921295,-80.10723506,-7.36E-02,-1.47E-03,-4.51E-03,-8.13E-03,1.58E-02,-2.37E-03,4.54E+02,23.3,10.1,50,3500,32.4,12.4,20,27.4,18.5,27.4,18.5,1423,201,62,40,513,202,513,202,23.3,10.1,50,3500,32.4,12.4,20,27.4,18.5,27.4,18.5,1423,201,62,40,513,202,513,202
1597,Florida,GE,Jonathon Dickinison State Park,GE_JD,JD,FLJD160_1,FLJD160,1,1.20E+03,27.00921295,-80.10723506,-2.05E-02,6.93E-03,3.65E-02,6.35E-02,4.07E-03,9.18E-02,1.20E+03,23.3,10.1,50,3500,32.4,12.4,20,27.4,18.5,27.4,18.5,1423,201,62,40,513,202,513,202,23.3,10.1,50,3500,32.4,12.4,20,27.4,18.5,27.4,18.5,1423,201,62,40,513,202,513,202
1598,Florida,GE,Jonathon Dickinison State Park,GE_JD,JD,FLJD160_2,FLJD160,2,8.97E+02,27.00921295,-80.10723506,-5.46E-02,-4.75E-02,1.15E-01,2.87E-02,-1.41E-02,4.50E-02,8.97E+02,23.3,10.1,50,3500,32.4,12.4,20,27.4,18.5,27.4,18.5,1423,201,62,40,513,202,513,202,23.3,10.1,50,3500,32.4,12.4,20,27.4,18.5,27.4,18.5,1423,201,62,40,513,202,513,202
1599,Florida,GE,Jonathon Dickinison State Park,GE_JD,JD,FLJD160_3,FLJD160,3,5.56E+02,27.00921295,-80.10723506,-4.64E-03,-5.70E-03,-1.59E-02,1.21E-02,-1.62E-02,3.76E-02,5.56E+02,23.3,10.1,50,3500,32.4,12.4,20,27.4,18.5,27.4,18.5,1423,201,62,40,513,202,513,202,23.3,10.1,50,3500,32.4,12.4,20,27.4,18.5,27.4,18.5,1423,201,62,40,513,202,513,202
3614,Florida,GE,Jonathon Dickinison State Park,GE_JD,JD,FLJD159_1,FLJD159,1,6.13E+02,27.01108773,-80.10803687,-9.97E-02,3.67E-02,1.35E-02,4.02E-02,-1.04E-02,2.50E-03,6.13E+02,23.3,10.1,50,3500,32.4,12.4,20,27.4,18.5,27.4,18.5,1423,201,62,40,513,202,513,202,23.3,10.1,50,3500,32.4,12.4,20,27.4,18.5,27.4,18.5,1423,201,62,40,513,202,513,202
1594,Florida,GE,Jonathon Dickinison State Park,GE_JD,JD,FLJD159_1,FLJD159,1,1.06E+03,27.01108773,-80.10803687,-5.24E-02,-3.65E-02,2.08E-02,-6.72E-03,-3.56E-03,2.50E-02,1.06E+03,23.3,10.1,50,3500,32.4,12.4,20,27.4,18.5,27.4,18.5,1423,201,62,40,513,202,513,202,23.3,10.1,50,3500,32.4,12.4,20,27.4,18.5,27.4,18.5,1423,201,62,40,513,202,513,202
3615,Florida,GE,Jonathon Dickinison State Park,GE_JD,JD,FLJD159_2,FLJD159,2,1.36E+03,27.01108773,-80.10803687,-1.52E-02,-2.09E-02,-1.79E-02,-2.55E-02,-2.49E-03,2.15E-02,1.36E+03,23.3,10.1,50,3500,32.4,12.4,20,27.4,18.5,27.4,18.5,1423,201,62,40,513,202,513,202,23.3,10.1,50,3500,32.4,12.4,20,27.4,18.5,27.4,18.5,1423,201,62,40,513,202,513,202
1595,Florida,GE,Jonathon Dickinison State Park,GE_JD,JD,FLJD159_2,FLJD159,2,9.04E+02,27.01108773,-80.10803687,-4.61E-02,-2.08E-02,-3.21E-03,-3.55E-02,-8.42E-03,2.21E-02,9.04E+02,23.3,10.1,50,3500,32.4,12.4,20,27.4,18.5,27.4,18.5,1423,201,62,40,513,202,513,202,23.3,10.1,50,3500,32.4,12.4,20,27.4,18.5,27.4,18.5,1423,201,62,40,513,202,513,202
3616,Florida,GE,Jonathon Dickinison State Park,GE_JD,JD,FLJD159_3,FLJD159,3,7.95E+02,27.01108773,-80.10803687,-5.45E-02,1.56E-02,-2.21E-02,2.52E-02,1.48E-02,3.94E-03,7.95E+02,23.3,10.1,50,3500,32.4,12.4,20,27.4,18.5,27.4,18.5,1423,201,62,40,513,202,513,202,23.3,10.1,50,3500,32.4,12.4,20,27.4,18.5,27.4,18.5,1423,201,62,40,513,202,513,202
1596,Florida,GE,Jonathon Dickinison State Park,GE_JD,JD,FLJD159_3,FLJD159,3,8.82E+02,27.01108773,-80.10803687,5.23E-03,-1.90E-02,-1.52E-02,-3.61E-03,-1.45E-02,3.57E-02,8.82E+02,23.3,10.1,50,3500,32.4,12.4,20,27.4,18.5,27.4,18.5,1423,201,62,40,513,202,513,202,23.3,10.1,50,3500,32.4,12.4,20,27.4,18.5,27.4,18.5,1423,201,62,40,513,202,513,202
3617,Florida,GE,Jonathon Dickinison State Park,GE_JD,JD,FLJD159_4,FLJD159,4,6.90E+02,27.01108773,-80.10803687,-2.12E-03,-2.28E-03,-8.62E-02,-3.61E-02,-2.72E-02,2.06E-02,6.90E+02,23.3,10.1,50,3500,32.4,12.4,20,27.4,18.5,27.4,18.5,1423,201,62,40,513,202,513,202,23.3,10.1,50,3500,32.4,12.4,20,27.4,18.5,27.4,18.5,1423,201,62,40,513,202,513,202
3618,Florida,GE,Jonathon Dickinison State Park,GE_JD,JD,FLJD159_5,FLJD159,5,8.94E+02,27.01108773,-80.10803687,-6.31E-02,-5.91E-03,5.28E-02,-9.89E-03,-3.51E-03,2.20E-02,8.94E+02,23.3,10.1,50,3500,32.4,12.4,20,27.4,18.5,27.4,18.5,1423,201,62,40,513,202,513,202,23.3,10.1,50,3500,32.4,12.4,20,27.4,18.5,27.4,18.5,1423,201,62,40,513,202,513,202
3609,Florida,GE,Jonathon Dickinison State Park,GE_JD,JD,FLJD158_1,FLJD158,1,6.79E+02,27.01151102,-80.10823511,-1.34E-01,-3.23E-02,1.33E-02,-1.00E-02,-2.59E-03,8.18E-03,6.79E+02,23.3,10.1,50,3500,32.4,12.4,20,27.4,18.5,27.4,18.5,1423,201,62,40,513,202,513,202,23.3,10.1,50,3500,32.4,12.4,20,27.4,18.5,27.4,18.5,1423,201,62,40,513,202,513,202
1591,Florida,GE,Jonathon Dickinison State Park,GE_JD,JD,FLJD158_1,FLJD158,1,1.65E+03,27.01151102,-80.10823511,-8.24E-03,-7.35E-02,7.03E-02,4.89E-03,-1.61E-02,3.14E-02,1.65E+03,23.3,10.1,50,3500,32.4,12.4,20,27.4,18.5,27.4,18.5,1423,201,62,40,513,202,513,202,23.3,10.1,50,3500,32.4,12.4,20,27.4,18.5,27.4,18.5,1423,201,62,40,513,202,513,202
3610,Florida,GE,Jonathon Dickinison State Park,GE_JD,JD,FLJD158_2,FLJD158,2,6.35E+02,27.01151102,-80.10823511,-1.46E-01,7.72E-03,-5.35E-02,1.07E-02,-2.01E-02,8.08E-03,6.35E+02,23.3,10.1,50,3500,32.4,12.4,20,27.4,18.5,27.4,18.5,1423,201,62,40,513,202,513,202,23.3,10.1,50,3500,32.4,12.4,20,27.4,18.5,27.4,18.5,1423,201,62,40,513,202,513,202
1592,Florida,GE,Jonathon Dickinison State Park,GE_JD,JD,FLJD158_2,FLJD158,2,1.36E+03,27.01151102,-80.10823511,-4.03E-02,-6.97E-02,1.39E-02,-5.16E-02,-4.91E-03,2.65E-02,1.36E+03,23.3,10.1,50,3500,32.4,12.4,20,27.4,18.5,27.4,18.5,1423,201,62,40,513,202,513,202,23.3,10.1,50,3500,32.4,12.4,20,27.4,18.5,27.4,18.5,1423,201,62,40,513,202,513,202
3611,Florida,GE,Jonathon Dickinison State Park,GE_JD,JD,FLJD158_3,FLJD158,3,6.49E+02,27.01151102,-80.10823511,-1.07E-01,-2.37E-02,-2.66E-03,-2.54E-02,-1.98E-02,-1.77E-02,6.49E+02,23.3,10.1,50,3500,32.4,12.4,20,27.4,18.5,27.4,18.5,1423,201,62,40,513,202,513,202,23.3,10.1,50,3500,32.4,12.4,20,27.4,18.5,27.4,18.5,1423,201,62,40,513,202,513,202
1593,Florida,GE,Jonathon Dickinison State Park,GE_JD,JD,FLJD158_3,FLJD158,3,9.24E+02,27.01151102,-80.10823511,2.00E-03,-3.65E-02,5.06E-03,1.06E-02,-8.74E-03,2.97E-02,9.24E+02,23.3,10.1,50,3500,32.4,12.4,20,27.4,18.5,27.4,18.5,1423,201,62,40,513,202,513,202,23.3,10.1,50,3500,32.4,12.4,20,27.4,18.5,27.4,18.5,1423,201,62,40,513,202,513,202
3612,Florida,GE,Jonathon Dickinison State Park,GE_JD,JD,FLJD158_4,FLJD158,4,5.23E+02,27.01151102,-80.10823511,-1.01E-01,1.01E-02,-5.61E-02,8.71E-03,5.04E-04,-1.89E-03,5.23E+02,23.3,10.1,50,3500,32.4,12.4,20,27.4,18.5,27.4,18.5,1423,201,62,40,513,202,513,202,23.3,10.1,50,3500,32.4,12.4,20,27.4,18.5,27.4,18.5,1423,201,62,40,513,202,513,202
3613,Florida,GE,Jonathon Dickinison State Park,GE_JD,JD,FLJD158_5,FLJD158,5,6.88E+02,27.01151102,-80.10823511,-1.10E-01,-1.51E-02,7.08E-05,-2.11E-02,-1.65E-02,6.59E-03,6.88E+02,23.3,10.1,50,3500,32.4,12.4,20,27.4,18.5,27.4,18.5,1423,201,62,40,513,202,513,202,23.3,10.1,50,3500,32.4,12.4,20,27.4,18.5,27.4,18.5,1423,201,62,40,513,202,513,202
3597,Florida,GE,Jonathon Dickinison State Park,GE_JD,JD,FLJD156_1,FLJD156,1,5.86E+02,27.01487409,-80.1095944,-1.84E-01,2.93E-02,-1.41E-02,-9.04E-03,2.73E-02,2.28E-02,5.86E+02,23.3,10.1,50,3491,32.4,12.4,20,27.4,18.5,27.4,18.5,1421,201,62,41,514,201,514,201,23.3,10.1,50,3491,32.4,12.4,20,27.4,18.5,27.4,18.5,1421,201,62,41,514,201,514,201
1585,Florida,GE,Jonathon Dickinison State Park,GE_JD,JD,FLJD156_1,FLJD156,1,7.96E+02,27.01487409,-80.1095944,-1.39E-01,-1.77E-02,1.37E-02,6.12E-03,4.14E-04,2.36E-02,7.96E+02,23.3,10.1,50,3491,32.4,12.4,20,27.4,18.5,27.4,18.5,1421,201,62,41,514,201,514,201,23.3,10.1,50,3491,32.4,12.4,20,27.4,18.5,27.4,18.5,1421,201,62,41,514,201,514,201
3598,Florida,GE,Jonathon Dickinison State Park,GE_JD,JD,FLJD156_2,FLJD156,2,5.30E+02,27.01487409,-80.1095944,-1.50E-01,2.98E-02,-6.39E-02,-1.64E-02,2.86E-03,1.80E-02,5.30E+02,23.3,10.1,50,3491,32.4,12.4,20,27.4,18.5,27.4,18.5,1421,201,62,41,514,201,514,201,23.3,10.1,50,3491,32.4,12.4,20,27.4,18.5,27.4,18.5,1421,201,62,41,514,201,514,201
1586,Florida,GE,Jonathon Dickinison State Park,GE_JD,JD,FLJD156_2,FLJD156,2,1.29E+03,27.01487409,-80.1095944,-7.65E-02,1.78E-03,3.20E-02,4.93E-03,6.02E-03,3.60E-02,1.29E+03,23.3,10.1,50,3491,32.4,12.4,20,27.4,18.5,27.4,18.5,1421,201,62,41,514,201,514,201,23.3,10.1,50,3491,32.4,12.4,20,27.4,18.5,27.4,18.5,1421,201,62,41,514,201,514,201
3599,Florida,GE,Jonathon Dickinison State Park,GE_JD,JD,FLJD156_3,FLJD156,3,4.69E+02,27.01487409,-80.1095944,-1.51E-01,4.42E-02,-3.10E-02,-1.60E-02,-2.35E-03,3.13E-03,4.69E+02,23.3,10.1,50,3491,32.4,12.4,20,27.4,18.5,27.4,18.5,1421,201,62,41,514,201,514,201,23.3,10.1,50,3491,32.4,12.4,20,27.4,18.5,27.4,18.5,1421,201,62,41,514,201,514,201
1587,Florida,GE,Jonathon Dickinison State Park,GE_JD,JD,FLJD156_3,FLJD156,3,1.13E+03,27.01487409,-80.1095944,-5.53E-02,-1.67E-02,-2.96E-03,-1.69E-03,2.66E-02,2.41E-02,1.13E+03,23.3,10.1,50,3491,32.4,12.4,20,27.4,18.5,27.4,18.5,1421,201,62,41,514,201,514,201,23.3,10.1,50,3491,32.4,12.4,20,27.4,18.5,27.4,18.5,1421,201,62,41,514,201,514,201
3600,Florida,GE,Jonathon Dickinison State Park,GE_JD,JD,FLJD157_1,FLJD157,1,5.82E+02,27.01488121,-80.10982507,-1.54E-01,2.04E-02,-1.85E-02,1.79E-02,-1.52E-02,2.28E-02,5.82E+02,23.3,10.1,50,3491,32.4,12.4,20,27.4,18.5,27.4,18.5,1421,201,62,41,514,201,514,201,23.3,10.1,50,3491,32.4,12.4,20,27.4,18.5,27.4,18.5,1421,201,62,41,514,201,514,201
1588,Florida,GE,Jonathon Dickinison State Park,GE_JD,JD,FLJD157_1,FLJD157,1,6.34E+02,27.01488121,-80.10982507,-1.07E-01,5.44E-03,1.09E-02,-2.54E-02,-1.51E-02,2.37E-02,6.34E+02,23.3,10.1,50,3491,32.4,12.4,20,27.4,18.5,27.4,18.5,1421,201,62,41,514,201,514,201,23.3,10.1,50,3491,32.4,12.4,20,27.4,18.5,27.4,18.5,1421,201,62,41,514,201,514,201
3601,Florida,GE,Jonathon Dickinison State Park,GE_JD,JD,FLJD157_2,FLJD157,2,4.94E+02,27.01488121,-80.10982507,-1.52E-01,1.48E-02,-5.28E-02,-3.66E-02,2.58E-03,6.16E-03,4.94E+02,23.3,10.1,50,3491,32.4,12.4,20,27.4,18.5,27.4,18.5,1421,201,62,41,514,201,514,201,23.3,10.1,50,3491,32.4,12.4,20,27.4,18.5,27.4,18.5,1421,201,62,41,514,201,514,201
1589,Florida,GE,Jonathon Dickinison State Park,GE_JD,JD,FLJD157_2,FLJD157,2,5.38E+02,27.01488121,-80.10982507,-1.80E-01,-3.81E-02,-2.11E-02,7.05E-02,-7.24E-04,1.34E-02,5.38E+02,23.3,10.1,50,3491,32.4,12.4,20,27.4,18.5,27.4,18.5,1421,201,62,41,514,201,514,201,23.3,10.1,50,3491,32.4,12.4,20,27.4,18.5,27.4,18.5,1421,201,62,41,514,201,514,201
3602,Florida,GE,Jonathon Dickinison State Park,GE_JD,JD,FLJD157_3,FLJD157,3,4.32E+02,27.01488121,-80.10982507,-1.90E-01,1.24E-02,4.06E-02,-2.53E-02,-1.28E-02,-6.34E-03,4.32E+02,23.3,10.1,50,3491,32.4,12.4,20,27.4,18.5,27.4,18.5,1421,201,62,41,514,201,514,201,23.3,10.1,50,3491,32.4,12.4,20,27.4,18.5,27.4,18.5,1421,201,62,41,514,201,514,201
1590,Florida,GE,Jonathon Dickinison State Park,GE_JD,JD,FLJD157_3,FLJD157,3,5.40E+02,27.01488121,-80.10982507,-9.34E-02,3.89E-03,-3.11E-03,4.67E-03,-1.70E-03,2.09E-02,5.40E+02,23.3,10.1,50,3491,32.4,12.4,20,27.4,18.5,27.4,18.5,1421,201,62,41,514,201,514,201,23.3,10.1,50,3491,32.4,12.4,20,27.4,18.5,27.4,18.5,1421,201,62,41,514,201,514,201
3603,Florida,GE,Jonathon Dickinison State Park,GE_JD,JD,FLJD157_4,FLJD157,4,3.42E+02,27.01488121,-80.10982507,-1.77E-01,1.39E-02,-1.34E-02,6.05E-02,3.37E-03,-5.00E-03,3.42E+02,23.3,10.1,50,3491,32.4,12.4,20,27.4,18.5,27.4,18.5,1421,201,62,41,514,201,514,201,23.3,10.1,50,3491,32.4,12.4,20,27.4,18.5,27.4,18.5,1421,201,62,41,514,201,514,201
3604,Florida,GE,Jonathon Dickinison State Park,GE_JD,JD,FLJD157_5,FLJD157,5,2.76E+02,27.01488121,-80.10982507,-1.66E-01,2.28E-02,-3.48E-02,4.53E-02,-2.05E-02,4.86E-03,2.76E+02,23.3,10.1,50,3491,32.4,12.4,20,27.4,18.5,27.4,18.5,1421,201,62,41,514,201,514,201,23.3,10.1,50,3491,32.4,12.4,20,27.4,18.5,27.4,18.5,1421,201,62,41,514,201,514,201
3605,Florida,GE,Jonathon Dickinison State Park,GE_JD,JD,FLJD157_6,FLJD157,6,3.40E+02,27.01488121,-80.10982507,-1.37E-01,7.80E-03,-1.81E-02,2.24E-02,-3.65E-03,7.38E-03,3.40E+02,23.3,10.1,50,3491,32.4,12.4,20,27.4,18.5,27.4,18.5,1421,201,62,41,514,201,514,201,23.3,10.1,50,3491,32.4,12.4,20,27.4,18.5,27.4,18.5,1421,201,62,41,514,201,514,201
3606,Florida,GE,Jonathon Dickinison State Park,GE_JD,JD,FLJD157_7,FLJD157,7,3.88E+02,27.01488121,-80.10982507,-1.27E-01,2.51E-02,-1.04E-02,-7.88E-03,-5.61E-03,5.93E-03,3.88E+02,23.3,10.1,50,3491,32.4,12.4,20,27.4,18.5,27.4,18.5,1421,201,62,41,514,201,514,201,23.3,10.1,50,3491,32.4,12.4,20,27.4,18.5,27.4,18.5,1421,201,62,41,514,201,514,201
3607,Florida,GE,Jonathon Dickinison State Park,GE_JD,JD,FLJD157_8,FLJD157,8,3.75E+02,27.01488121,-80.10982507,-2.04E-01,2.05E-02,1.79E-02,8.81E-03,-1.01E-02,4.46E-04,3.75E+02,23.3,10.1,50,3491,32.4,12.4,20,27.4,18.5,27.4,18.5,1421,201,62,41,514,201,514,201,23.3,10.1,50,3491,32.4,12.4,20,27.4,18.5,27.4,18.5,1421,201,62,41,514,201,514,201
3608,Florida,GE,Jonathon Dickinison State Park,GE_JD,JD,FLJD157_9,FLJD157,9,2.80E+02,27.01488121,-80.10982507,-1.48E-01,3.76E-02,-1.56E-02,-1.12E-02,-9.11E-04,4.11E-03,2.80E+02,23.3,10.1,50,3491,32.4,12.4,20,27.4,18.5,27.4,18.5,1421,201,62,41,514,201,514,201,23.3,10.1,50,3491,32.4,12.4,20,27.4,18.5,27.4,18.5,1421,201,62,41,514,201,514,201
3587,Florida,GE,Jonathon Dickinison State Park,GE_JD,JD,FLJD154_1,FLJD154,1,2.23E+02,27.01701583,-80.10978224,-1.58E-01,4.01E-02,2.64E-02,2.55E-02,-9.02E-03,1.69E-02,2.23E+02,23.3,10.1,50,3508,32.4,12.5,19.9,27.4,18.5,27.4,18.5,1421,201,62,41,514,201,514,201,23.3,10.1,50,3508,32.4,12.5,19.9,27.4,18.5,27.4,18.5,1421,201,62,41,514,201,514,201
1582,Florida,GE,Jonathon Dickinison State Park,GE_JD,JD,FLJD154_1,FLJD154,1,9.53E+02,27.01701583,-80.10978224,-1.02E-01,-4.94E-02,1.84E-02,8.69E-04,-1.14E-02,3.50E-02,9.53E+02,23.3,10.1,50,3508,32.4,12.5,19.9,27.4,18.5,27.4,18.5,1421,201,62,41,514,201,514,201,23.3,10.1,50,3508,32.4,12.5,19.9,27.4,18.5,27.4,18.5,1421,201,62,41,514,201,514,201
3596,Florida,GE,Jonathon Dickinison State Park,GE_JD,JD,FLJD154_10,FLJD154,10,4.12E+02,27.01701583,-80.10978224,-1.06E-01,-1.20E-02,-5.07E-02,-1.89E-02,-1.68E-02,1.41E-02,4.12E+02,23.3,10.1,50,3508,32.4,12.5,19.9,27.4,18.5,27.4,18.5,1421,201,62,41,514,201,514,201,23.3,10.1,50,3508,32.4,12.5,19.9,27.4,18.5,27.4,18.5,1421,201,62,41,514,201,514,201
3588,Florida,GE,Jonathon Dickinison State Park,GE_JD,JD,FLJD154_2,FLJD154,2,2.98E+02,27.01701583,-80.10978224,-1.08E-01,1.90E-02,3.12E-02,-2.32E-02,3.36E-02,1.45E-02,2.98E+02,23.3,10.1,50,3508,32.4,12.5,19.9,27.4,18.5,27.4,18.5,1421,201,62,41,514,201,514,201,23.3,10.1,50,3508,32.4,12.5,19.9,27.4,18.5,27.4,18.5,1421,201,62,41,514,201,514,201
1583,Florida,GE,Jonathon Dickinison State Park,GE_JD,JD,FLJD154_2,FLJD154,2,8.07E+02,27.01701583,-80.10978224,-1.78E-01,-8.63E-03,3.36E-03,-1.63E-02,-9.33E-03,2.49E-02,8.07E+02,23.3,10.1,50,3508,32.4,12.5,19.9,27.4,18.5,27.4,18.5,1421,201,62,41,514,201,514,201,23.3,10.1,50,3508,32.4,12.5,19.9,27.4,18.5,27.4,18.5,1421,201,62,41,514,201,514,201
3589,Florida,GE,Jonathon Dickinison State Park,GE_JD,JD,FLJD154_3,FLJD154,3,3.44E+02,27.01701583,-80.10978224,-7.13E-02,3.32E-04,-7.82E-02,-2.28E-02,-6.31E-03,6.50E-03,3.44E+02,23.3,10.1,50,3508,32.4,12.5,19.9,27.4,18.5,27.4,18.5,1421,201,62,41,514,201,514,201,23.3,10.1,50,3508,32.4,12.5,19.9,27.4,18.5,27.4,18.5,1421,201,62,41,514,201,514,201
1584,Florida,GE,Jonathon Dickinison State Park,GE_JD,JD,FLJD154_3,FLJD154,3,1.13E+03,27.01701583,-80.10978224,-1.55E-01,1.26E-02,4.22E-02,2.55E-03,2.56E-02,2.62E-02,1.13E+03,23.3,10.1,50,3508,32.4,12.5,19.9,27.4,18.5,27.4,18.5,1421,201,62,41,514,201,514,201,23.3,10.1,50,3508,32.4,12.5,19.9,27.4,18.5,27.4,18.5,1421,201,62,41,514,201,514,201
3590,Florida,GE,Jonathon Dickinison State Park,GE_JD,JD,FLJD154_4,FLJD154,4,2.50E+02,27.01701583,-80.10978224,-1.04E-01,-2.69E-03,-6.73E-02,3.35E-03,1.92E-02,1.47E-02,2.50E+02,23.3,10.1,50,3508,32.4,12.5,19.9,27.4,18.5,27.4,18.5,1421,201,62,41,514,201,514,201,23.3,10.1,50,3508,32.4,12.5,19.9,27.4,18.5,27.4,18.5,1421,201,62,41,514,201,514,201
3591,Florida,GE,Jonathon Dickinison State Park,GE_JD,JD,FLJD154_5,FLJD154,5,3.08E+02,27.01701583,-80.10978224,-9.40E-02,3.27E-02,-6.53E-02,-2.70E-03,-2.11E-02,5.71E-03,3.08E+02,23.3,10.1,50,3508,32.4,12.5,19.9,27.4,18.5,27.4,18.5,1421,201,62,41,514,201,514,201,23.3,10.1,50,3508,32.4,12.5,19.9,27.4,18.5,27.4,18.5,1421,201,62,41,514,201,514,201
3592,Florida,GE,Jonathon Dickinison State Park,GE_JD,JD,FLJD154_6,FLJD154,6,3.63E+02,27.01701583,-80.10978224,-8.83E-02,2.71E-03,8.86E-02,5.30E-02,-2.02E-02,-1.06E-03,3.63E+02,23.3,10.1,50,3508,32.4,12.5,19.9,27.4,18.5,27.4,18.5,1421,201,62,41,514,201,514,201,23.3,10.1,50,3508,32.4,12.5,19.9,27.4,18.5,27.4,18.5,1421,201,62,41,514,201,514,201
3593,Florida,GE,Jonathon Dickinison State Park,GE_JD,JD,FLJD154_7,FLJD154,7,3.18E+02,27.01701583,-80.10978224,-1.34E-01,8.70E-03,-6.45E-02,6.98E-03,-2.64E-03,6.42E-04,3.18E+02,23.3,10.1,50,3508,32.4,12.5,19.9,27.4,18.5,27.4,18.5,1421,201,62,41,514,201,514,201,23.3,10.1,50,3508,32.4,12.5,19.9,27.4,18.5,27.4,18.5,1421,201,62,41,514,201,514,201
3594,Florida,GE,Jonathon Dickinison State Park,GE_JD,JD,FLJD154_8,FLJD154,8,4.35E+02,27.01701583,-80.10978224,-6.88E-02,1.53E-02,-1.01E-01,-2.18E-02,3.35E-03,2.73E-02,4.35E+02,23.3,10.1,50,3508,32.4,12.5,19.9,27.4,18.5,27.4,18.5,1421,201,62,41,514,201,514,201,23.3,10.1,50,3508,32.4,12.5,19.9,27.4,18.5,27.4,18.5,1421,201,62,41,514,201,514,201
3595,Florida,GE,Jonathon Dickinison State Park,GE_JD,JD,FLJD154_9,FLJD154,9,2.64E+02,27.01701583,-80.10978224,-1.00E-01,1.63E-02,-7.96E-02,2.22E-02,-2.98E-02,7.93E-03,2.64E+02,23.3,10.1,50,3508,32.4,12.5,19.9,27.4,18.5,27.4,18.5,1421,201,62,41,514,201,514,201,23.3,10.1,50,3508,32.4,12.5,19.9,27.4,18.5,27.4,18.5,1421,201,62,41,514,201,514,201
3404,Florida,GE,Archbold ,GE_AB,AB,FLAB106_1,FLAB106,1,7.64E+02,27.18164681,-81.35702066,-1.09E-01,4.00E-03,-7.16E-02,-3.79E-02,-1.87E-03,-2.72E-03,7.64E+02,22.2,13.3,54,4125,33.5,8.9,24.6,27,17.7,27,16.5,1253,213,44,59,590,144,538,159,22.2,13.3,54,4125,33.5,8.9,24.6,27,17.7,27,16.5,1253,213,44,59,590,144,538,159
3413,Florida,GE,Archbold ,GE_AB,AB,FLAB106_10,FLAB106,10,7.66E+02,27.18164681,-81.35702066,-3.29E-02,-5.89E-03,1.02E-01,9.50E-02,8.85E-03,8.14E-03,7.66E+02,22.2,13.3,54,4125,33.5,8.9,24.6,27,17.7,27,16.5,1253,213,44,59,590,144,538,159,22.2,13.3,54,4125,33.5,8.9,24.6,27,17.7,27,16.5,1253,213,44,59,590,144,538,159
3405,Florida,GE,Archbold ,GE_AB,AB,FLAB106_2,FLAB106,2,7.18E+02,27.18164681,-81.35702066,-1.12E-01,-1.82E-02,1.11E-01,4.01E-02,2.41E-02,2.07E-02,7.18E+02,22.2,13.3,54,4125,33.5,8.9,24.6,27,17.7,27,16.5,1253,213,44,59,590,144,538,159,22.2,13.3,54,4125,33.5,8.9,24.6,27,17.7,27,16.5,1253,213,44,59,590,144,538,159
3406,Florida,GE,Archbold ,GE_AB,AB,FLAB106_3,FLAB106,3,6.20E+02,27.18164681,-81.35702066,-1.41E-01,1.39E-03,-1.07E-01,-5.17E-02,4.25E-02,1.46E-02,6.20E+02,22.2,13.3,54,4125,33.5,8.9,24.6,27,17.7,27,16.5,1253,213,44,59,590,144,538,159,22.2,13.3,54,4125,33.5,8.9,24.6,27,17.7,27,16.5,1253,213,44,59,590,144,538,159
3407,Florida,GE,Archbold ,GE_AB,AB,FLAB106_4,FLAB106,4,6.12E+02,27.18164681,-81.35702066,-1.61E-01,-1.35E-02,9.99E-02,2.57E-02,3.35E-02,1.87E-02,6.12E+02,22.2,13.3,54,4125,33.5,8.9,24.6,27,17.7,27,16.5,1253,213,44,59,590,144,538,159,22.2,13.3,54,4125,33.5,8.9,24.6,27,17.7,27,16.5,1253,213,44,59,590,144,538,159
3408,Florida,GE,Archbold ,GE_AB,AB,FLAB106_5,FLAB106,5,6.29E+02,27.18164681,-81.35702066,-1.10E-01,1.02E-03,-2.36E-02,8.38E-03,1.86E-02,-4.96E-03,6.29E+02,22.2,13.3,54,4125,33.5,8.9,24.6,27,17.7,27,16.5,1253,213,44,59,590,144,538,159,22.2,13.3,54,4125,33.5,8.9,24.6,27,17.7,27,16.5,1253,213,44,59,590,144,538,159
3409,Florida,GE,Archbold ,GE_AB,AB,FLAB106_6,FLAB106,6,7.11E+02,27.18164681,-81.35702066,-8.46E-02,-9.99E-04,1.10E-01,4.26E-02,1.50E-02,1.08E-02,7.11E+02,22.2,13.3,54,4125,33.5,8.9,24.6,27,17.7,27,16.5,1253,213,44,59,590,144,538,159,22.2,13.3,54,4125,33.5,8.9,24.6,27,17.7,27,16.5,1253,213,44,59,590,144,538,159
3410,Florida,GE,Archbold ,GE_AB,AB,FLAB106_7,FLAB106,7,7.60E+02,27.18164681,-81.35702066,-1.32E-01,-7.01E-03,-1.27E-01,-5.26E-02,-2.07E-03,-6.95E-03,7.60E+02,22.2,13.3,54,4125,33.5,8.9,24.6,27,17.7,27,16.5,1253,213,44,59,590,144,538,159,22.2,13.3,54,4125,33.5,8.9,24.6,27,17.7,27,16.5,1253,213,44,59,590,144,538,159
3411,Florida,GE,Archbold ,GE_AB,AB,FLAB106_8,FLAB106,8,7.99E+02,27.18164681,-81.35702066,-5.42E-02,-1.02E-02,1.81E-03,1.78E-02,-1.12E-02,1.16E-02,7.99E+02,22.2,13.3,54,4125,33.5,8.9,24.6,27,17.7,27,16.5,1253,213,44,59,590,144,538,159,22.2,13.3,54,4125,33.5,8.9,24.6,27,17.7,27,16.5,1253,213,44,59,590,144,538,159
3412,Florida,GE,Archbold ,GE_AB,AB,FLAB106_9,FLAB106,9,6.42E+02,27.18164681,-81.35702066,-4.66E-02,1.04E-02,-1.11E-01,-4.03E-02,-1.20E-02,4.23E-03,6.42E+02,22.2,13.3,54,4125,33.5,8.9,24.6,27,17.7,27,16.5,1253,213,44,59,590,144,538,159,22.2,13.3,54,4125,33.5,8.9,24.6,27,17.7,27,16.5,1253,213,44,59,590,144,538,159
3414,Florida,GE,Archbold ,GE_AB,AB,FLAB109_1,FLAB109,1,5.35E+02,27.18164681,-81.35702066,-1.73E-01,5.05E-03,1.57E-01,5.95E-02,-5.00E-03,-3.31E-04,5.35E+02,22.2,13.3,54,4125,33.5,8.9,24.6,27,17.7,27,16.5,1253,213,44,59,590,144,538,159,22.2,13.3,54,4125,33.5,8.9,24.6,27,17.7,27,16.5,1253,213,44,59,590,144,538,159
3423,Florida,GE,Archbold ,GE_AB,AB,FLAB109_10,FLAB109,10,2.18E+02,27.18164681,-81.35702066,-1.29E-01,1.80E-02,-9.12E-02,-4.34E-02,-9.56E-03,3.64E-03,2.18E+02,22.2,13.3,54,4125,33.5,8.9,24.6,27,17.7,27,16.5,1253,213,44,59,590,144,538,159,22.2,13.3,54,4125,33.5,8.9,24.6,27,17.7,27,16.5,1253,213,44,59,590,144,538,159
3415,Florida,GE,Archbold ,GE_AB,AB,FLAB109_2,FLAB109,2,5.65E+02,27.18164681,-81.35702066,-1.32E-01,1.94E-02,-8.46E-02,-3.47E-02,1.26E-03,1.45E-02,5.65E+02,22.2,13.3,54,4125,33.5,8.9,24.6,27,17.7,27,16.5,1253,213,44,59,590,144,538,159,22.2,13.3,54,4125,33.5,8.9,24.6,27,17.7,27,16.5,1253,213,44,59,590,144,538,159
3416,Florida,GE,Archbold ,GE_AB,AB,FLAB109_3,FLAB109,3,3.35E+02,27.18164681,-81.35702066,-1.50E-01,1.45E-02,7.73E-02,1.06E-02,3.45E-02,1.84E-02,3.35E+02,22.2,13.3,54,4125,33.5,8.9,24.6,27,17.7,27,16.5,1253,213,44,59,590,144,538,159,22.2,13.3,54,4125,33.5,8.9,24.6,27,17.7,27,16.5,1253,213,44,59,590,144,538,159
3417,Florida,GE,Archbold ,GE_AB,AB,FLAB109_4,FLAB109,4,3.81E+02,27.18164681,-81.35702066,-1.06E-01,1.72E-02,-1.12E-01,-3.60E-02,-1.67E-02,-5.04E-03,3.81E+02,22.2,13.3,54,4125,33.5,8.9,24.6,27,17.7,27,16.5,1253,213,44,59,590,144,538,159,22.2,13.3,54,4125,33.5,8.9,24.6,27,17.7,27,16.5,1253,213,44,59,590,144,538,159
3418,Florida,GE,Archbold ,GE_AB,AB,FLAB109_5,FLAB109,5,4.39E+02,27.18164681,-81.35702066,-1.49E-01,1.90E-02,-5.10E-02,-4.22E-02,-1.66E-02,1.55E-02,4.39E+02,22.2,13.3,54,4125,33.5,8.9,24.6,27,17.7,27,16.5,1253,213,44,59,590,144,538,159,22.2,13.3,54,4125,33.5,8.9,24.6,27,17.7,27,16.5,1253,213,44,59,590,144,538,159
3419,Florida,GE,Archbold ,GE_AB,AB,FLAB109_6,FLAB109,6,3.61E+02,27.18164681,-81.35702066,-1.29E-01,1.19E-02,2.84E-02,-1.26E-02,4.40E-03,7.10E-03,3.61E+02,22.2,13.3,54,4125,33.5,8.9,24.6,27,17.7,27,16.5,1253,213,44,59,590,144,538,159,22.2,13.3,54,4125,33.5,8.9,24.6,27,17.7,27,16.5,1253,213,44,59,590,144,538,159
3420,Florida,GE,Archbold ,GE_AB,AB,FLAB109_7,FLAB109,7,2.94E+02,27.18164681,-81.35702066,-1.36E-01,1.78E-02,-8.30E-02,-1.68E-02,-5.66E-03,1.71E-03,2.94E+02,22.2,13.3,54,4125,33.5,8.9,24.6,27,17.7,27,16.5,1253,213,44,59,590,144,538,159,22.2,13.3,54,4125,33.5,8.9,24.6,27,17.7,27,16.5,1253,213,44,59,590,144,538,159
3421,Florida,GE,Archbold ,GE_AB,AB,FLAB109_8,FLAB109,8,2.17E+02,27.18164681,-81.35702066,-1.86E-01,6.73E-03,-8.67E-02,-4.85E-02,-5.89E-02,-1.73E-02,2.17E+02,22.2,13.3,54,4125,33.5,8.9,24.6,27,17.7,27,16.5,1253,213,44,59,590,144,538,159,22.2,13.3,54,4125,33.5,8.9,24.6,27,17.7,27,16.5,1253,213,44,59,590,144,538,159
3422,Florida,GE,Archbold ,GE_AB,AB,FLAB109_9,FLAB109,9,2.56E+02,27.18164681,-81.35702066,-1.44E-01,1.06E-02,-6.92E-02,-3.91E-02,-2.28E-02,-2.60E-03,2.56E+02,22.2,13.3,54,4125,33.5,8.9,24.6,27,17.7,27,16.5,1253,213,44,59,590,144,538,159,22.2,13.3,54,4125,33.5,8.9,24.6,27,17.7,27,16.5,1253,213,44,59,590,144,538,159
3565,Florida,GE,Cedar Key,GE_CK,CK,FLCK23_1,FLCK23,1,1.01E+03,29.15348114,-83.03022791,-5.68E-02,-2.04E-02,8.27E-02,2.50E-02,-6.29E-02,1.02E-02,1.01E+03,20.7,13.1,49,5210,32.9,6.2,26.7,26.8,17.8,26.9,13.7,1170,181,47,46,495,175,488,238,20.7,13.1,49,5210,32.9,6.2,26.7,26.8,17.8,26.9,13.7,1170,181,47,46,495,175,488,238
1567,Florida,GE,Cedar Key,GE_CK,CK,FLCK23_1,FLCK23,1,2.31E+03,29.15348114,-83.03022791,-2.55E-03,-1.95E-02,-3.51E-03,1.00E-02,-9.51E-03,3.66E-02,2.31E+03,20.7,13.1,49,5210,32.9,6.2,26.7,26.8,17.8,26.9,13.7,1170,181,47,46,495,175,488,238,20.7,13.1,49,5210,32.9,6.2,26.7,26.8,17.8,26.9,13.7,1170,181,47,46,495,175,488,238
3566,Florida,GE,Cedar Key,GE_CK,CK,FLCK23_2,FLCK23,2,1.09E+03,29.15348114,-83.03022791,6.03E-02,-3.25E-02,5.81E-02,-1.83E-03,-5.77E-02,-4.57E-04,1.09E+03,20.7,13.1,49,5210,32.9,6.2,26.7,26.8,17.8,26.9,13.7,1170,181,47,46,495,175,488,238,20.7,13.1,49,5210,32.9,6.2,26.7,26.8,17.8,26.9,13.7,1170,181,47,46,495,175,488,238
1568,Florida,GE,Cedar Key,GE_CK,CK,FLCK23_2,FLCK23,2,1.53E+03,29.15348114,-83.03022791,-1.15E-02,-1.97E-02,-9.76E-03,1.59E-02,5.66E-03,1.59E-02,1.53E+03,20.7,13.1,49,5210,32.9,6.2,26.7,26.8,17.8,26.9,13.7,1170,181,47,46,495,175,488,238,20.7,13.1,49,5210,32.9,6.2,26.7,26.8,17.8,26.9,13.7,1170,181,47,46,495,175,488,238
3567,Florida,GE,Cedar Key,GE_CK,CK,FLCK23_3,FLCK23,3,8.69E+02,29.15348114,-83.03022791,1.04E-01,-3.70E-02,-8.95E-02,-3.45E-02,-6.93E-02,-3.58E-04,8.69E+02,20.7,13.1,49,5210,32.9,6.2,26.7,26.8,17.8,26.9,13.7,1170,181,47,46,495,175,488,238,20.7,13.1,49,5210,32.9,6.2,26.7,26.8,17.8,26.9,13.7,1170,181,47,46,495,175,488,238
1569,Florida,GE,Cedar Key,GE_CK,CK,FLCK23_3,FLCK23,3,1.96E+03,29.15348114,-83.03022791,3.46E-02,-2.58E-02,7.84E-03,-5.66E-03,-2.23E-04,2.37E-02,1.96E+03,20.7,13.1,49,5210,32.9,6.2,26.7,26.8,17.8,26.9,13.7,1170,181,47,46,495,175,488,238,20.7,13.1,49,5210,32.9,6.2,26.7,26.8,17.8,26.9,13.7,1170,181,47,46,495,175,488,238
1570,Florida,GE,Cedar Key,GE_CK,CK,FLCK24_1,FLCK24,1,7.22E+02,29.16178518,-83.02798524,-1.12E-01,-1.31E-02,1.11E-02,-2.49E-02,-1.52E-02,2.51E-02,7.22E+02,20.7,13.1,48,5215,32.9,6.1,26.8,26.8,17.8,26.9,13.6,1167,180,47,46,493,175,486,238,20.7,13.1,48,5215,32.9,6.1,26.8,26.8,17.8,26.9,13.6,1167,180,47,46,493,175,486,238
1571,Florida,GE,Cedar Key,GE_CK,CK,FLCK24_2,FLCK24,2,6.70E+02,29.16178518,-83.02798524,-3.83E-02,-3.24E-02,-7.07E-03,4.84E-03,-5.99E-05,2.41E-02,6.70E+02,20.7,13.1,48,5215,32.9,6.1,26.8,26.8,17.8,26.9,13.6,1167,180,47,46,493,175,486,238,20.7,13.1,48,5215,32.9,6.1,26.8,26.8,17.8,26.9,13.6,1167,180,47,46,493,175,486,238
1572,Florida,GE,Cedar Key,GE_CK,CK,FLCK24_3,FLCK24,3,7.89E+02,29.16178518,-83.02798524,-7.38E-02,-2.14E-04,7.20E-03,-1.07E-02,-1.51E-02,2.66E-02,7.89E+02,20.7,13.1,48,5215,32.9,6.1,26.8,26.8,17.8,26.9,13.6,1167,180,47,46,493,175,486,238,20.7,13.1,48,5215,32.9,6.1,26.8,26.8,17.8,26.9,13.6,1167,180,47,46,493,175,486,238
3568,Florida,GE,Cedar Key,GE_CK,CK,FLCK25_1,FLCK25,1,1.26E+03,29.16302662,-83.02773764,-7.84E-03,-9.74E-03,-4.48E-02,-3.92E-02,3.68E-03,3.04E-03,1.26E+03,20.7,13.1,48,5215,32.9,6.1,26.8,26.8,17.8,26.9,13.6,1167,180,47,46,493,175,486,238,20.7,13.1,48,5215,32.9,6.1,26.8,26.8,17.8,26.9,13.6,1167,180,47,46,493,175,486,238
1573,Florida,GE,Cedar Key,GE_CK,CK,FLCK25_1,FLCK25,1,1.28E+03,29.16302662,-83.02773764,-2.03E-02,-2.86E-02,-2.35E-02,3.26E-02,-2.76E-03,1.63E-02,1.28E+03,20.7,13.1,48,5215,32.9,6.1,26.8,26.8,17.8,26.9,13.6,1167,180,47,46,493,175,486,238,20.7,13.1,48,5215,32.9,6.1,26.8,26.8,17.8,26.9,13.6,1167,180,47,46,493,175,486,238
3569,Florida,GE,Cedar Key,GE_CK,CK,FLCK25_2,FLCK25,2,1.19E+03,29.16302662,-83.02773764,-5.36E-02,-2.43E-03,-4.95E-02,-1.62E-02,-2.61E-02,1.40E-02,1.19E+03,20.7,13.1,48,5215,32.9,6.1,26.8,26.8,17.8,26.9,13.6,1167,180,47,46,493,175,486,238,20.7,13.1,48,5215,32.9,6.1,26.8,26.8,17.8,26.9,13.6,1167,180,47,46,493,175,486,238
1574,Florida,GE,Cedar Key,GE_CK,CK,FLCK25_2,FLCK25,2,1.46E+03,29.16302662,-83.02773764,-6.82E-02,-4.02E-02,1.32E-02,-1.26E-02,8.32E-03,-1.22E-03,1.46E+03,20.7,13.1,48,5215,32.9,6.1,26.8,26.8,17.8,26.9,13.6,1167,180,47,46,493,175,486,238,20.7,13.1,48,5215,32.9,6.1,26.8,26.8,17.8,26.9,13.6,1167,180,47,46,493,175,486,238
3570,Florida,GE,Cedar Key,GE_CK,CK,FLCK25_3,FLCK25,3,1.28E+03,29.16302662,-83.02773764,-5.70E-02,-2.51E-02,1.02E-01,2.48E-02,-1.81E-02,-7.14E-04,1.28E+03,20.7,13.1,48,5215,32.9,6.1,26.8,26.8,17.8,26.9,13.6,1167,180,47,46,493,175,486,238,20.7,13.1,48,5215,32.9,6.1,26.8,26.8,17.8,26.9,13.6,1167,180,47,46,493,175,486,238
1575,Florida,GE,Cedar Key,GE_CK,CK,FLCK25_3,FLCK25,3,1.42E+03,29.16302662,-83.02773764,5.30E-03,-4.41E-02,1.95E-02,-1.19E-02,4.62E-03,1.88E-02,1.42E+03,20.7,13.1,48,5215,32.9,6.1,26.8,26.8,17.8,26.9,13.6,1167,180,47,46,493,175,486,238,20.7,13.1,48,5215,32.9,6.1,26.8,26.8,17.8,26.9,13.6,1167,180,47,46,493,175,486,238
3571,Florida,GE,Cedar Key,GE_CK,CK,FLCK25_4,FLCK25,4,1.12E+03,29.16302662,-83.02773764,-3.10E-02,-2.04E-02,1.04E-01,1.53E-02,-1.42E-02,6.44E-03,1.12E+03,20.7,13.1,48,5215,32.9,6.1,26.8,26.8,17.8,26.9,13.6,1167,180,47,46,493,175,486,238,20.7,13.1,48,5215,32.9,6.1,26.8,26.8,17.8,26.9,13.6,1167,180,47,46,493,175,486,238
3572,Florida,GE,Cedar Key,GE_CK,CK,FLCK25_5,FLCK25,5,9.80E+02,29.16302662,-83.02773764,-3.53E-02,1.33E-02,-5.73E-02,-1.15E-02,-1.81E-02,-1.11E-02,9.80E+02,20.7,13.1,48,5215,32.9,6.1,26.8,26.8,17.8,26.9,13.6,1167,180,47,46,493,175,486,238,20.7,13.1,48,5215,32.9,6.1,26.8,26.8,17.8,26.9,13.6,1167,180,47,46,493,175,486,238
3573,Florida,GE,Cedar Key,GE_CK,CK,FLCK25_6,FLCK25,6,1.05E+03,29.16302662,-83.02773764,-4.22E-02,-2.04E-02,-1.88E-02,-4.74E-02,-3.94E-03,7.05E-03,1.05E+03,20.7,13.1,48,5215,32.9,6.1,26.8,26.8,17.8,26.9,13.6,1167,180,47,46,493,175,486,238,20.7,13.1,48,5215,32.9,6.1,26.8,26.8,17.8,26.9,13.6,1167,180,47,46,493,175,486,238
3574,Florida,GE,Cedar Key,GE_CK,CK,FLCK25_7,FLCK25,7,9.76E+02,29.16302662,-83.02773764,-4.48E-02,-8.37E-03,-5.00E-02,5.61E-03,2.69E-02,7.35E-03,9.76E+02,20.7,13.1,48,5215,32.9,6.1,26.8,26.8,17.8,26.9,13.6,1167,180,47,46,493,175,486,238,20.7,13.1,48,5215,32.9,6.1,26.8,26.8,17.8,26.9,13.6,1167,180,47,46,493,175,486,238
3575,Florida,GE,Cedar Key,GE_CK,CK,FLCK25_8,FLCK25,8,1.10E+03,29.16302662,-83.02773764,-3.18E-03,-3.21E-02,1.69E-02,3.35E-02,-1.08E-05,-5.54E-03,1.10E+03,20.7,13.1,48,5215,32.9,6.1,26.8,26.8,17.8,26.9,13.6,1167,180,47,46,493,175,486,238,20.7,13.1,48,5215,32.9,6.1,26.8,26.8,17.8,26.9,13.6,1167,180,47,46,493,175,486,238
3576,Florida,GE,Cedar Key,GE_CK,CK,FLCK26_1,FLCK26,1,9.92E+02,29.16308044,-83.02817568,-4.35E-02,5.47E-02,-3.58E-02,-2.52E-02,5.31E-03,-2.97E-04,9.92E+02,20.7,13.1,48,5215,32.9,6.1,26.8,26.8,17.8,26.9,13.6,1167,180,47,46,493,175,486,238,20.7,13.1,48,5215,32.9,6.1,26.8,26.8,17.8,26.9,13.6,1167,180,47,46,493,175,486,238
1576,Florida,GE,Cedar Key,GE_CK,CK,FLCK26_1,FLCK26,1,9.23E+02,29.16308044,-83.02817568,-4.62E-02,-4.52E-03,3.44E-02,-4.63E-04,-8.47E-03,2.94E-02,9.23E+02,20.7,13.1,48,5215,32.9,6.1,26.8,26.8,17.8,26.9,13.6,1167,180,47,46,493,175,486,238,20.7,13.1,48,5215,32.9,6.1,26.8,26.8,17.8,26.9,13.6,1167,180,47,46,493,175,486,238
3577,Florida,GE,Cedar Key,GE_CK,CK,FLCK26_2,FLCK26,2,7.91E+02,29.16308044,-83.02817568,-1.10E-01,4.23E-02,-3.44E-02,-1.95E-03,7.91E-03,1.45E-02,7.91E+02,20.7,13.1,48,5215,32.9,6.1,26.8,26.8,17.8,26.9,13.6,1167,180,47,46,493,175,486,238,20.7,13.1,48,5215,32.9,6.1,26.8,26.8,17.8,26.9,13.6,1167,180,47,46,493,175,486,238
1577,Florida,GE,Cedar Key,GE_CK,CK,FLCK26_2,FLCK26,2,1.07E+03,29.16308044,-83.02817568,-7.25E-02,-1.62E-02,-1.99E-03,-4.82E-03,7.97E-03,2.76E-02,1.07E+03,20.7,13.1,48,5215,32.9,6.1,26.8,26.8,17.8,26.9,13.6,1167,180,47,46,493,175,486,238,20.7,13.1,48,5215,32.9,6.1,26.8,26.8,17.8,26.9,13.6,1167,180,47,46,493,175,486,238
3578,Florida,GE,Cedar Key,GE_CK,CK,FLCK26_3,FLCK26,3,6.49E+02,29.16308044,-83.02817568,-5.22E-02,3.32E-02,-1.67E-02,-3.08E-02,-4.20E-03,1.14E-02,6.49E+02,20.7,13.1,48,5215,32.9,6.1,26.8,26.8,17.8,26.9,13.6,1167,180,47,46,493,175,486,238,20.7,13.1,48,5215,32.9,6.1,26.8,26.8,17.8,26.9,13.6,1167,180,47,46,493,175,486,238
1578,Florida,GE,Cedar Key,GE_CK,CK,FLCK26_3,FLCK26,3,9.89E+02,29.16308044,-83.02817568,5.83E-02,-3.03E-02,1.66E-04,-4.36E-03,-1.11E-02,3.93E-02,9.89E+02,20.7,13.1,48,5215,32.9,6.1,26.8,26.8,17.8,26.9,13.6,1167,180,47,46,493,175,486,238,20.7,13.1,48,5215,32.9,6.1,26.8,26.8,17.8,26.9,13.6,1167,180,47,46,493,175,486,238
3579,Florida,GE,Cedar Key,GE_CK,CK,FLCK26_4,FLCK26,4,5.90E+02,29.16308044,-83.02817568,-7.81E-02,4.61E-02,-3.78E-02,-7.32E-03,-2.24E-02,-3.94E-03,5.90E+02,20.7,13.1,48,5215,32.9,6.1,26.8,26.8,17.8,26.9,13.6,1167,180,47,46,493,175,486,238,20.7,13.1,48,5215,32.9,6.1,26.8,26.8,17.8,26.9,13.6,1167,180,47,46,493,175,486,238
3580,Florida,GE,Cedar Key,GE_CK,CK,FLCK26_5,FLCK26,5,5.96E+02,29.16308044,-83.02817568,-1.25E-01,6.25E-02,4.04E-02,1.76E-02,-2.27E-02,-6.91E-03,5.96E+02,20.7,13.1,48,5215,32.9,6.1,26.8,26.8,17.8,26.9,13.6,1167,180,47,46,493,175,486,238,20.7,13.1,48,5215,32.9,6.1,26.8,26.8,17.8,26.9,13.6,1167,180,47,46,493,175,486,238
3581,Florida,GE,Cedar Key,GE_CK,CK,FLCK26_6,FLCK26,6,6.50E+02,29.16308044,-83.02817568,-1.36E-01,2.88E-02,7.29E-03,2.44E-03,-9.84E-03,8.42E-03,6.50E+02,20.7,13.1,48,5215,32.9,6.1,26.8,26.8,17.8,26.9,13.6,1167,180,47,46,493,175,486,238,20.7,13.1,48,5215,32.9,6.1,26.8,26.8,17.8,26.9,13.6,1167,180,47,46,493,175,486,238
3582,Florida,GE,Cedar Key,GE_CK,CK,FLCK26_7,FLCK26,7,7.68E+02,29.16308044,-83.02817568,-7.53E-02,7.89E-02,-1.98E-02,3.13E-02,-2.01E-02,3.91E-03,7.68E+02,20.7,13.1,48,5215,32.9,6.1,26.8,26.8,17.8,26.9,13.6,1167,180,47,46,493,175,486,238,20.7,13.1,48,5215,32.9,6.1,26.8,26.8,17.8,26.9,13.6,1167,180,47,46,493,175,486,238
3583,Florida,GE,Cedar Key,GE_CK,CK,FLCK26_8,FLCK26,8,5.19E+02,29.16308044,-83.02817568,-1.19E-01,6.39E-02,-8.36E-03,-1.99E-02,-1.53E-02,-1.05E-02,5.19E+02,20.7,13.1,48,5215,32.9,6.1,26.8,26.8,17.8,26.9,13.6,1167,180,47,46,493,175,486,238,20.7,13.1,48,5215,32.9,6.1,26.8,26.8,17.8,26.9,13.6,1167,180,47,46,493,175,486,238
3584,Florida,GE,Cedar Key,GE_CK,CK,FLCK26_9,FLCK26,9,5.72E+02,29.16308044,-83.02817568,-9.47E-02,2.09E-02,-1.87E-02,2.92E-02,-3.73E-02,-1.43E-02,5.72E+02,20.7,13.1,48,5215,32.9,6.1,26.8,26.8,17.8,26.9,13.6,1167,180,47,46,493,175,486,238,20.7,13.1,48,5215,32.9,6.1,26.8,26.8,17.8,26.9,13.6,1167,180,47,46,493,175,486,238
3585,Florida,GE,Cedar Key,GE_CK,CK,FLCK27_1,FLCK27,1,6.73E+02,29.202855,-82.98983669,-1.24E-01,2.33E-02,-2.89E-02,-2.28E-02,-2.54E-02,1.65E-03,6.73E+02,20.7,13.2,49,5214,32.8,6,26.8,26.7,17.7,26.8,13.6,1171,181,46,46,494,174,489,239,20.7,13.2,49,5214,32.8,6,26.8,26.7,17.7,26.8,13.6,1171,181,46,46,494,174,489,239
1579,Florida,GE,Cedar Key,GE_CK,CK,FLCK27_1,FLCK27,1,1.34E+03,29.202855,-82.98983669,-7.14E-02,-3.64E-02,2.63E-02,-3.04E-02,-1.12E-02,1.66E-02,1.34E+03,20.7,13.2,49,5214,32.8,6,26.8,26.7,17.7,26.8,13.6,1171,181,46,46,494,174,489,239,20.7,13.2,49,5214,32.8,6,26.8,26.7,17.7,26.8,13.6,1171,181,46,46,494,174,489,239
3586,Florida,GE,Cedar Key,GE_CK,CK,FLCK27_2,FLCK27,2,4.42E+02,29.202855,-82.98983669,-9.51E-02,-2.51E-02,3.80E-02,3.15E-02,-6.02E-02,-2.95E-02,4.42E+02,20.7,13.2,49,5214,32.8,6,26.8,26.7,17.7,26.8,13.6,1171,181,46,46,494,174,489,239,20.7,13.2,49,5214,32.8,6,26.8,26.7,17.7,26.8,13.6,1171,181,46,46,494,174,489,239
1580,Florida,GE,Cedar Key,GE_CK,CK,FLCK27_2,FLCK27,2,9.22E+02,29.202855,-82.98983669,-1.07E-01,-1.42E-02,-3.16E-04,2.82E-03,-1.65E-02,3.45E-02,9.22E+02,20.7,13.2,49,5214,32.8,6,26.8,26.7,17.7,26.8,13.6,1171,181,46,46,494,174,489,239,20.7,13.2,49,5214,32.8,6,26.8,26.7,17.7,26.8,13.6,1171,181,46,46,494,174,489,239
1581,Florida,GE,Cedar Key,GE_CK,CK,FLCK27_3,FLCK27,3,8.31E+02,29.202855,-82.98983669,-8.43E-02,3.07E-03,3.02E-02,-3.35E-02,-1.94E-02,2.49E-02,8.31E+02,20.7,13.2,49,5214,32.8,6,26.8,26.7,17.7,26.8,13.6,1171,181,46,46,494,174,489,239,20.7,13.2,49,5214,32.8,6,26.8,26.7,17.7,26.8,13.6,1171,181,46,46,494,174,489,239
3525,Florida,GE,Cedar Key,GE_CK,CK,FLCK19_1,FLCK19,1,5.69E+02,29.20500596,-82.99818599,-6.87E-02,-8.58E-03,6.32E-02,4.10E-02,9.33E-03,2.54E-02,5.69E+02,20.7,13.2,49,5226,32.8,6,26.8,26.7,17.7,26.8,13.6,1164,180,46,46,492,174,486,238,20.7,13.2,49,5226,32.8,6,26.8,26.7,17.7,26.8,13.6,1164,180,46,46,492,174,486,238
1555,Florida,GE,Cedar Key,GE_CK,CK,FLCK19_1,FLCK19,1,6.49E+02,29.20500596,-82.99818599,-1.03E-01,-4.19E-03,1.67E-03,2.20E-02,-4.74E-03,4.88E-03,6.49E+02,20.7,13.2,49,5226,32.8,6,26.8,26.7,17.7,26.8,13.6,1164,180,46,46,492,174,486,238,20.7,13.2,49,5226,32.8,6,26.8,26.7,17.7,26.8,13.6,1164,180,46,46,492,174,486,238
3526,Florida,GE,Cedar Key,GE_CK,CK,FLCK19_2,FLCK19,2,3.56E+02,29.20500596,-82.99818599,-5.76E-02,-1.73E-02,-8.13E-02,-3.45E-02,-1.30E-02,2.28E-02,3.56E+02,20.7,13.2,49,5226,32.8,6,26.8,26.7,17.7,26.8,13.6,1164,180,46,46,492,174,486,238,20.7,13.2,49,5226,32.8,6,26.8,26.7,17.7,26.8,13.6,1164,180,46,46,492,174,486,238
1556,Florida,GE,Cedar Key,GE_CK,CK,FLCK19_2,FLCK19,2,4.91E+02,29.20500596,-82.99818599,-9.24E-02,-4.20E-02,1.60E-03,5.97E-03,-3.95E-03,1.27E-02,4.91E+02,20.7,13.2,49,5226,32.8,6,26.8,26.7,17.7,26.8,13.6,1164,180,46,46,492,174,486,238,20.7,13.2,49,5226,32.8,6,26.8,26.7,17.7,26.8,13.6,1164,180,46,46,492,174,486,238
3527,Florida,GE,Cedar Key,GE_CK,CK,FLCK19_3,FLCK19,3,3.52E+02,29.20500596,-82.99818599,-5.85E-02,-3.89E-02,-5.77E-02,1.21E-02,4.41E-03,4.88E-02,3.52E+02,20.7,13.2,49,5226,32.8,6,26.8,26.7,17.7,26.8,13.6,1164,180,46,46,492,174,486,238,20.7,13.2,49,5226,32.8,6,26.8,26.7,17.7,26.8,13.6,1164,180,46,46,492,174,486,238
1557,Florida,GE,Cedar Key,GE_CK,CK,FLCK19_3,FLCK19,3,4.50E+02,29.20500596,-82.99818599,-1.20E-01,-1.66E-02,-1.17E-02,2.23E-02,-8.24E-03,2.67E-02,4.50E+02,20.7,13.2,49,5226,32.8,6,26.8,26.7,17.7,26.8,13.6,1164,180,46,46,492,174,486,238,20.7,13.2,49,5226,32.8,6,26.8,26.7,17.7,26.8,13.6,1164,180,46,46,492,174,486,238
3528,Florida,GE,Cedar Key,GE_CK,CK,FLCK19_4,FLCK19,4,3.62E+02,29.20500596,-82.99818599,-7.05E-02,-4.92E-03,3.49E-03,3.94E-02,5.48E-03,3.25E-02,3.62E+02,20.7,13.2,49,5226,32.8,6,26.8,26.7,17.7,26.8,13.6,1164,180,46,46,492,174,486,238,20.7,13.2,49,5226,32.8,6,26.8,26.7,17.7,26.8,13.6,1164,180,46,46,492,174,486,238
3529,Florida,GE,Cedar Key,GE_CK,CK,FLCK19_5,FLCK19,5,5.07E+02,29.20500596,-82.99818599,-1.25E-01,-1.22E-02,2.03E-02,1.32E-03,-2.58E-02,7.09E-03,5.07E+02,20.7,13.2,49,5226,32.8,6,26.8,26.7,17.7,26.8,13.6,1164,180,46,46,492,174,486,238,20.7,13.2,49,5226,32.8,6,26.8,26.7,17.7,26.8,13.6,1164,180,46,46,492,174,486,238
3530,Florida,GE,Cedar Key,GE_CK,CK,FLCK19_6,FLCK19,6,4.35E+02,29.20500596,-82.99818599,-8.33E-02,-1.50E-02,-9.59E-02,-4.69E-02,-3.99E-02,1.00E-02,4.35E+02,20.7,13.2,49,5226,32.8,6,26.8,26.7,17.7,26.8,13.6,1164,180,46,46,492,174,486,238,20.7,13.2,49,5226,32.8,6,26.8,26.7,17.7,26.8,13.6,1164,180,46,46,492,174,486,238
3531,Florida,GE,Cedar Key,GE_CK,CK,FLCK19_7,FLCK19,7,3.61E+02,29.20500596,-82.99818599,-1.47E-01,-1.11E-02,-2.33E-02,4.08E-02,-5.78E-02,-2.00E-03,3.61E+02,20.7,13.2,49,5226,32.8,6,26.8,26.7,17.7,26.8,13.6,1164,180,46,46,492,174,486,238,20.7,13.2,49,5226,32.8,6,26.8,26.7,17.7,26.8,13.6,1164,180,46,46,492,174,486,238
3532,Florida,GE,Cedar Key,GE_CK,CK,FLCK19_8,FLCK19,8,2.92E+02,29.20500596,-82.99818599,-6.08E-02,-3.07E-02,9.83E-02,6.32E-02,-2.51E-02,6.51E-03,2.92E+02,20.7,13.2,49,5226,32.8,6,26.8,26.7,17.7,26.8,13.6,1164,180,46,46,492,174,486,238,20.7,13.2,49,5226,32.8,6,26.8,26.7,17.7,26.8,13.6,1164,180,46,46,492,174,486,238
3497,Florida,GE,Cedar Key,GE_CK,CK,FLCK16_1,FLCK16,1,4.69E+02,29.20578078,-82.98855191,-1.70E-01,1.07E-03,2.29E-02,-4.70E-02,-1.47E-02,-4.13E-03,4.69E+02,20.7,13.2,49,5214,32.8,6,26.8,26.7,17.7,26.8,13.6,1171,181,46,46,494,174,489,239,20.7,13.2,49,5214,32.8,6,26.8,26.7,17.7,26.8,13.6,1171,181,46,46,494,174,489,239
1546,Florida,GE,Cedar Key,GE_CK,CK,FLCK16_1,FLCK16,1,6.21E+02,29.20578078,-82.98855191,-1.61E-01,-3.06E-02,9.38E-03,-1.47E-02,1.99E-04,6.96E-03,6.21E+02,20.7,13.2,49,5214,32.8,6,26.8,26.7,17.7,26.8,13.6,1171,181,46,46,494,174,489,239,20.7,13.2,49,5214,32.8,6,26.8,26.7,17.7,26.8,13.6,1171,181,46,46,494,174,489,239
3506,Florida,GE,Cedar Key,GE_CK,CK,FLCK16_10,FLCK16,10,3.88E+02,29.20578078,-82.98855191,-1.83E-01,-2.88E-03,5.55E-02,5.82E-03,1.98E-03,4.26E-03,3.88E+02,20.7,13.2,49,5214,32.8,6,26.8,26.7,17.7,26.8,13.6,1171,181,46,46,494,174,489,239,20.7,13.2,49,5214,32.8,6,26.8,26.7,17.7,26.8,13.6,1171,181,46,46,494,174,489,239
3498,Florida,GE,Cedar Key,GE_CK,CK,FLCK16_2,FLCK16,2,4.17E+02,29.20578078,-82.98855191,-1.82E-01,2.78E-02,-6.85E-02,-4.39E-02,-2.72E-02,-1.27E-02,4.17E+02,20.7,13.2,49,5214,32.8,6,26.8,26.7,17.7,26.8,13.6,1171,181,46,46,494,174,489,239,20.7,13.2,49,5214,32.8,6,26.8,26.7,17.7,26.8,13.6,1171,181,46,46,494,174,489,239
1547,Florida,GE,Cedar Key,GE_CK,CK,FLCK16_2,FLCK16,2,6.57E+02,29.20578078,-82.98855191,-1.39E-01,-2.70E-02,5.61E-03,-1.45E-02,2.10E-03,1.33E-03,6.57E+02,20.7,13.2,49,5214,32.8,6,26.8,26.7,17.7,26.8,13.6,1171,181,46,46,494,174,489,239,20.7,13.2,49,5214,32.8,6,26.8,26.7,17.7,26.8,13.6,1171,181,46,46,494,174,489,239
3499,Florida,GE,Cedar Key,GE_CK,CK,FLCK16_3,FLCK16,3,5.84E+02,29.20578078,-82.98855191,-1.56E-01,-2.04E-02,-3.29E-02,-2.34E-02,3.55E-03,6.65E-04,5.84E+02,20.7,13.2,49,5214,32.8,6,26.8,26.7,17.7,26.8,13.6,1171,181,46,46,494,174,489,239,20.7,13.2,49,5214,32.8,6,26.8,26.7,17.7,26.8,13.6,1171,181,46,46,494,174,489,239
1548,Florida,GE,Cedar Key,GE_CK,CK,FLCK16_3,FLCK16,3,7.03E+02,29.20578078,-82.98855191,-1.28E-01,-1.54E-02,2.24E-02,-3.47E-04,3.38E-03,1.02E-03,7.03E+02,20.7,13.2,49,5214,32.8,6,26.8,26.7,17.7,26.8,13.6,1171,181,46,46,494,174,489,239,20.7,13.2,49,5214,32.8,6,26.8,26.7,17.7,26.8,13.6,1171,181,46,46,494,174,489,239
3500,Florida,GE,Cedar Key,GE_CK,CK,FLCK16_4,FLCK16,4,3.48E+02,29.20578078,-82.98855191,-2.05E-01,3.07E-02,-4.00E-02,-4.38E-02,-2.75E-02,-1.03E-02,3.48E+02,20.7,13.2,49,5214,32.8,6,26.8,26.7,17.7,26.8,13.6,1171,181,46,46,494,174,489,239,20.7,13.2,49,5214,32.8,6,26.8,26.7,17.7,26.8,13.6,1171,181,46,46,494,174,489,239
3501,Florida,GE,Cedar Key,GE_CK,CK,FLCK16_5,FLCK16,5,5.09E+02,29.20578078,-82.98855191,-1.35E-01,8.21E-03,2.74E-02,1.50E-02,8.58E-03,8.62E-04,5.09E+02,20.7,13.2,49,5214,32.8,6,26.8,26.7,17.7,26.8,13.6,1171,181,46,46,494,174,489,239,20.7,13.2,49,5214,32.8,6,26.8,26.7,17.7,26.8,13.6,1171,181,46,46,494,174,489,239
3502,Florida,GE,Cedar Key,GE_CK,CK,FLCK16_6,FLCK16,6,4.93E+02,29.20578078,-82.98855191,-1.89E-01,2.42E-02,-3.15E-02,-2.93E-02,-8.55E-03,-1.40E-02,4.93E+02,20.7,13.2,49,5214,32.8,6,26.8,26.7,17.7,26.8,13.6,1171,181,46,46,494,174,489,239,20.7,13.2,49,5214,32.8,6,26.8,26.7,17.7,26.8,13.6,1171,181,46,46,494,174,489,239
3503,Florida,GE,Cedar Key,GE_CK,CK,FLCK16_7,FLCK16,7,4.76E+02,29.20578078,-82.98855191,-1.50E-01,4.90E-04,-9.35E-02,3.03E-02,-1.80E-03,2.22E-02,4.76E+02,20.7,13.2,49,5214,32.8,6,26.8,26.7,17.7,26.8,13.6,1171,181,46,46,494,174,489,239,20.7,13.2,49,5214,32.8,6,26.8,26.7,17.7,26.8,13.6,1171,181,46,46,494,174,489,239
3504,Florida,GE,Cedar Key,GE_CK,CK,FLCK16_8,FLCK16,8,5.21E+02,29.20578078,-82.98855191,-1.54E-01,5.57E-03,-2.99E-02,-3.28E-02,-1.29E-02,-1.81E-02,5.21E+02,20.7,13.2,49,5214,32.8,6,26.8,26.7,17.7,26.8,13.6,1171,181,46,46,494,174,489,239,20.7,13.2,49,5214,32.8,6,26.8,26.7,17.7,26.8,13.6,1171,181,46,46,494,174,489,239
3505,Florida,GE,Cedar Key,GE_CK,CK,FLCK16_9,FLCK16,9,3.62E+02,29.20578078,-82.98855191,-1.63E-01,2.28E-02,-4.85E-02,-3.82E-02,-1.48E-02,-3.51E-03,3.62E+02,20.7,13.2,49,5214,32.8,6,26.8,26.7,17.7,26.8,13.6,1171,181,46,46,494,174,489,239,20.7,13.2,49,5214,32.8,6,26.8,26.7,17.7,26.8,13.6,1171,181,46,46,494,174,489,239
3517,Florida,GE,Cedar Key,GE_CK,CK,FLCK18_1,FLCK18,1,7.62E+02,29.20719037,-82.99128022,-1.43E-01,4.82E-03,-4.18E-02,4.60E-02,1.18E-02,1.09E-02,7.62E+02,20.7,13.2,49,5214,32.8,6,26.8,26.7,17.7,26.8,13.6,1171,181,46,46,494,174,489,239,20.7,13.2,49,5214,32.8,6,26.8,26.7,17.7,26.8,13.6,1171,181,46,46,494,174,489,239
1552,Florida,GE,Cedar Key,GE_CK,CK,FLCK18_1,FLCK18,1,1.18E+03,29.20719037,-82.99128022,-1.46E-01,-3.22E-02,1.34E-02,2.53E-03,1.37E-03,8.76E-04,1.18E+03,20.7,13.2,49,5214,32.8,6,26.8,26.7,17.7,26.8,13.6,1171,181,46,46,494,174,489,239,20.7,13.2,49,5214,32.8,6,26.8,26.7,17.7,26.8,13.6,1171,181,46,46,494,174,489,239
3518,Florida,GE,Cedar Key,GE_CK,CK,FLCK18_2,FLCK18,2,7.70E+02,29.20719037,-82.99128022,-7.51E-02,4.00E-03,4.66E-02,-3.85E-02,1.55E-02,1.16E-02,7.70E+02,20.7,13.2,49,5214,32.8,6,26.8,26.7,17.7,26.8,13.6,1171,181,46,46,494,174,489,239,20.7,13.2,49,5214,32.8,6,26.8,26.7,17.7,26.8,13.6,1171,181,46,46,494,174,489,239
1553,Florida,GE,Cedar Key,GE_CK,CK,FLCK18_2,FLCK18,2,9.65E+02,29.20719037,-82.99128022,-8.14E-02,-1.91E-02,-1.51E-02,5.52E-02,-5.29E-03,3.33E-02,9.65E+02,20.7,13.2,49,5214,32.8,6,26.8,26.7,17.7,26.8,13.6,1171,181,46,46,494,174,489,239,20.7,13.2,49,5214,32.8,6,26.8,26.7,17.7,26.8,13.6,1171,181,46,46,494,174,489,239
3519,Florida,GE,Cedar Key,GE_CK,CK,FLCK18_3,FLCK18,3,7.55E+02,29.20719037,-82.99128022,-5.79E-02,3.34E-02,-1.20E-02,-2.92E-03,-7.73E-03,5.70E-03,7.55E+02,20.7,13.2,49,5214,32.8,6,26.8,26.7,17.7,26.8,13.6,1171,181,46,46,494,174,489,239,20.7,13.2,49,5214,32.8,6,26.8,26.7,17.7,26.8,13.6,1171,181,46,46,494,174,489,239
1554,Florida,GE,Cedar Key,GE_CK,CK,FLCK18_3,FLCK18,3,9.20E+02,29.20719037,-82.99128022,-1.13E-01,-1.68E-02,-3.78E-02,2.49E-02,-1.79E-04,1.45E-02,9.20E+02,20.7,13.2,49,5214,32.8,6,26.8,26.7,17.7,26.8,13.6,1171,181,46,46,494,174,489,239,20.7,13.2,49,5214,32.8,6,26.8,26.7,17.7,26.8,13.6,1171,181,46,46,494,174,489,239
3520,Florida,GE,Cedar Key,GE_CK,CK,FLCK18_4,FLCK18,4,4.20E+02,29.20719037,-82.99128022,-1.01E-01,3.07E-02,2.30E-02,3.89E-03,-1.48E-02,-4.74E-03,4.20E+02,20.7,13.2,49,5214,32.8,6,26.8,26.7,17.7,26.8,13.6,1171,181,46,46,494,174,489,239,20.7,13.2,49,5214,32.8,6,26.8,26.7,17.7,26.8,13.6,1171,181,46,46,494,174,489,239
3521,Florida,GE,Cedar Key,GE_CK,CK,FLCK18_5,FLCK18,5,8.71E+02,29.20719037,-82.99128022,-1.68E-01,2.57E-02,-3.54E-02,2.51E-02,2.20E-03,3.95E-04,8.71E+02,20.7,13.2,49,5214,32.8,6,26.8,26.7,17.7,26.8,13.6,1171,181,46,46,494,174,489,239,20.7,13.2,49,5214,32.8,6,26.8,26.7,17.7,26.8,13.6,1171,181,46,46,494,174,489,239
3522,Florida,GE,Cedar Key,GE_CK,CK,FLCK18_6,FLCK18,6,7.77E+02,29.20719037,-82.99128022,-1.19E-01,5.57E-03,-5.63E-02,-4.47E-03,-4.64E-03,5.29E-04,7.77E+02,20.7,13.2,49,5214,32.8,6,26.8,26.7,17.7,26.8,13.6,1171,181,46,46,494,174,489,239,20.7,13.2,49,5214,32.8,6,26.8,26.7,17.7,26.8,13.6,1171,181,46,46,494,174,489,239
3523,Florida,GE,Cedar Key,GE_CK,CK,FLCK18_7,FLCK18,7,6.04E+02,29.20719037,-82.99128022,-1.82E-01,1.71E-02,2.18E-02,-2.54E-02,-1.74E-02,-3.54E-03,6.04E+02,20.7,13.2,49,5214,32.8,6,26.8,26.7,17.7,26.8,13.6,1171,181,46,46,494,174,489,239,20.7,13.2,49,5214,32.8,6,26.8,26.7,17.7,26.8,13.6,1171,181,46,46,494,174,489,239
3524,Florida,GE,Cedar Key,GE_CK,CK,FLCK18_8,FLCK18,8,4.67E+02,29.20719037,-82.99128022,-1.34E-01,2.26E-02,7.97E-03,5.42E-02,-1.69E-02,-3.98E-03,4.67E+02,20.7,13.2,49,5214,32.8,6,26.8,26.7,17.7,26.8,13.6,1171,181,46,46,494,174,489,239,20.7,13.2,49,5214,32.8,6,26.8,26.7,17.7,26.8,13.6,1171,181,46,46,494,174,489,239
3507,Florida,GE,Cedar Key,GE_CK,CK,FLCK17_1,FLCK17,1,1.05E+02,29.20768943,-82.99026894,-2.12E-01,3.87E-02,-3.01E-02,-2.22E-02,-3.73E-03,1.82E-02,1.05E+02,20.7,13.2,49,5214,32.8,6,26.8,26.7,17.7,26.8,13.6,1171,181,46,46,494,174,489,239,20.7,13.2,49,5214,32.8,6,26.8,26.7,17.7,26.8,13.6,1171,181,46,46,494,174,489,239
1549,Florida,GE,Cedar Key,GE_CK,CK,FLCK17_1,FLCK17,1,1.19E+02,29.20768943,-82.99026894,-2.14E-01,9.05E-03,-9.73E-03,3.09E-03,-1.17E-02,1.69E-02,1.19E+02,20.7,13.2,49,5214,32.8,6,26.8,26.7,17.7,26.8,13.6,1171,181,46,46,494,174,489,239,20.7,13.2,49,5214,32.8,6,26.8,26.7,17.7,26.8,13.6,1171,181,46,46,494,174,489,239
3516,Florida,GE,Cedar Key,GE_CK,CK,FLCK17_10,FLCK17,10,8.29E+01,29.20768943,-82.99026894,-2.23E-01,3.01E-02,-5.62E-02,3.30E-02,-1.85E-03,1.45E-02,8.29E+01,20.7,13.2,49,5214,32.8,6,26.8,26.7,17.7,26.8,13.6,1171,181,46,46,494,174,489,239,20.7,13.2,49,5214,32.8,6,26.8,26.7,17.7,26.8,13.6,1171,181,46,46,494,174,489,239
3508,Florida,GE,Cedar Key,GE_CK,CK,FLCK17_2,FLCK17,2,9.20E+01,29.20768943,-82.99026894,-2.10E-01,2.97E-02,-1.89E-02,2.82E-02,1.86E-03,1.56E-02,9.20E+01,20.7,13.2,49,5214,32.8,6,26.8,26.7,17.7,26.8,13.6,1171,181,46,46,494,174,489,239,20.7,13.2,49,5214,32.8,6,26.8,26.7,17.7,26.8,13.6,1171,181,46,46,494,174,489,239
1550,Florida,GE,Cedar Key,GE_CK,CK,FLCK17_2,FLCK17,2,9.05E+01,29.20768943,-82.99026894,-2.33E-01,-1.08E-02,6.10E-03,1.50E-02,-7.03E-03,2.05E-02,9.05E+01,20.7,13.2,49,5214,32.8,6,26.8,26.7,17.7,26.8,13.6,1171,181,46,46,494,174,489,239,20.7,13.2,49,5214,32.8,6,26.8,26.7,17.7,26.8,13.6,1171,181,46,46,494,174,489,239
3509,Florida,GE,Cedar Key,GE_CK,CK,FLCK17_3,FLCK17,3,7.50E+01,29.20768943,-82.99026894,-1.83E-01,4.83E-02,-2.96E-02,-8.91E-03,-1.61E-02,1.93E-02,7.50E+01,20.7,13.2,49,5214,32.8,6,26.8,26.7,17.7,26.8,13.6,1171,181,46,46,494,174,489,239,20.7,13.2,49,5214,32.8,6,26.8,26.7,17.7,26.8,13.6,1171,181,46,46,494,174,489,239
1551,Florida,GE,Cedar Key,GE_CK,CK,FLCK17_3,FLCK17,3,1.14E+02,29.20768943,-82.99026894,-2.28E-01,-1.36E-02,1.07E-02,-3.05E-03,-7.82E-03,1.88E-02,1.14E+02,20.7,13.2,49,5214,32.8,6,26.8,26.7,17.7,26.8,13.6,1171,181,46,46,494,174,489,239,20.7,13.2,49,5214,32.8,6,26.8,26.7,17.7,26.8,13.6,1171,181,46,46,494,174,489,239
3510,Florida,GE,Cedar Key,GE_CK,CK,FLCK17_4,FLCK17,4,9.89E+01,29.20768943,-82.99026894,-2.52E-01,3.92E-02,7.31E-03,1.47E-02,5.84E-03,1.09E-02,9.89E+01,20.7,13.2,49,5214,32.8,6,26.8,26.7,17.7,26.8,13.6,1171,181,46,46,494,174,489,239,20.7,13.2,49,5214,32.8,6,26.8,26.7,17.7,26.8,13.6,1171,181,46,46,494,174,489,239
3511,Florida,GE,Cedar Key,GE_CK,CK,FLCK17_5,FLCK17,5,1.09E+02,29.20768943,-82.99026894,-2.65E-01,2.25E-02,7.17E-03,-8.28E-03,1.97E-03,2.46E-04,1.09E+02,20.7,13.2,49,5214,32.8,6,26.8,26.7,17.7,26.8,13.6,1171,181,46,46,494,174,489,239,20.7,13.2,49,5214,32.8,6,26.8,26.7,17.7,26.8,13.6,1171,181,46,46,494,174,489,239
3512,Florida,GE,Cedar Key,GE_CK,CK,FLCK17_6,FLCK17,6,8.60E+01,29.20768943,-82.99026894,-2.54E-01,1.68E-02,-2.96E-02,2.45E-02,-1.05E-03,3.71E-03,8.60E+01,20.7,13.2,49,5214,32.8,6,26.8,26.7,17.7,26.8,13.6,1171,181,46,46,494,174,489,239,20.7,13.2,49,5214,32.8,6,26.8,26.7,17.7,26.8,13.6,1171,181,46,46,494,174,489,239
3513,Florida,GE,Cedar Key,GE_CK,CK,FLCK17_7,FLCK17,7,8.01E+01,29.20768943,-82.99026894,-2.19E-01,3.15E-02,-6.89E-02,1.36E-02,-2.18E-02,2.37E-02,8.01E+01,20.7,13.2,49,5214,32.8,6,26.8,26.7,17.7,26.8,13.6,1171,181,46,46,494,174,489,239,20.7,13.2,49,5214,32.8,6,26.8,26.7,17.7,26.8,13.6,1171,181,46,46,494,174,489,239
3514,Florida,GE,Cedar Key,GE_CK,CK,FLCK17_8,FLCK17,8,8.11E+01,29.20768943,-82.99026894,-2.57E-01,1.86E-02,1.42E-02,1.01E-02,-5.07E-03,7.71E-03,8.11E+01,20.7,13.2,49,5214,32.8,6,26.8,26.7,17.7,26.8,13.6,1171,181,46,46,494,174,489,239,20.7,13.2,49,5214,32.8,6,26.8,26.7,17.7,26.8,13.6,1171,181,46,46,494,174,489,239
3515,Florida,GE,Cedar Key,GE_CK,CK,FLCK17_9,FLCK17,9,6.62E+01,29.20768943,-82.99026894,-2.33E-01,1.81E-02,3.31E-02,-3.62E-02,6.99E-03,3.96E-03,6.62E+01,20.7,13.2,49,5214,32.8,6,26.8,26.7,17.7,26.8,13.6,1171,181,46,46,494,174,489,239,20.7,13.2,49,5214,32.8,6,26.8,26.7,17.7,26.8,13.6,1171,181,46,46,494,174,489,239
1668,Florida,GE,Washington Oaks,GE_WO,WO,FLWO04_1,FLWO04,1,1.60E+03,29.5905782,-81.18872437,-9.61E-02,-8.27E-02,9.29E-02,9.67E-02,-6.41E-02,4.93E-03,1.60E+03,21,10.7,43,4973,32.3,7.7,24.6,26.8,15.5,26.9,14.2,1270,169,62,37,485,204,464,230,21,10.7,43,4973,32.3,7.7,24.6,26.8,15.5,26.9,14.2,1270,169,62,37,485,204,464,230
1669,Florida,GE,Washington Oaks,GE_WO,WO,FLWO04_2,FLWO04,2,1.20E+03,29.5905782,-81.18872437,-1.17E-01,-1.97E-02,8.03E-03,4.69E-02,1.31E-03,2.30E-02,1.20E+03,21,10.7,43,4973,32.3,7.7,24.6,26.8,15.5,26.9,14.2,1270,169,62,37,485,204,464,230,21,10.7,43,4973,32.3,7.7,24.6,26.8,15.5,26.9,14.2,1270,169,62,37,485,204,464,230
1670,Florida,GE,Washington Oaks,GE_WO,WO,FLWO04_3,FLWO04,3,1.32E+03,29.5905782,-81.18872437,7.65E-02,-2.78E-02,-3.96E-03,-3.74E-02,-2.20E-02,3.50E-02,1.32E+03,21,10.7,43,4973,32.3,7.7,24.6,26.8,15.5,26.9,14.2,1270,169,62,37,485,204,464,230,21,10.7,43,4973,32.3,7.7,24.6,26.8,15.5,26.9,14.2,1270,169,62,37,485,204,464,230
1674,Florida,GE,Washington Oaks,GE_WO,WO,FLWO06_1,FLWO06,1,9.38E+02,29.60458889,-81.18738393,-1.43E-01,-1.84E-02,-8.94E-03,4.12E-02,-1.06E-02,1.23E-02,9.38E+02,21,10.7,43,4955,32.3,7.8,24.5,26.7,15.5,26.8,14.3,1268,169,62,37,485,204,463,230,21,10.7,43,4955,32.3,7.8,24.5,26.7,15.5,26.8,14.3,1268,169,62,37,485,204,463,230
1675,Florida,GE,Washington Oaks,GE_WO,WO,FLWO06_2,FLWO06,2,7.56E+02,29.60458889,-81.18738393,-1.51E-01,-4.24E-03,1.70E-02,-1.62E-02,-9.87E-03,1.84E-02,7.56E+02,21,10.7,43,4955,32.3,7.8,24.5,26.7,15.5,26.8,14.3,1268,169,62,37,485,204,463,230,21,10.7,43,4955,32.3,7.8,24.5,26.7,15.5,26.8,14.3,1268,169,62,37,485,204,463,230
1676,Florida,GE,Washington Oaks,GE_WO,WO,FLWO06_3,FLWO06,3,7.46E+02,29.60458889,-81.18738393,-1.25E-01,5.23E-03,4.83E-02,-3.23E-02,-2.16E-02,1.16E-02,7.46E+02,21,10.7,43,4955,32.3,7.8,24.5,26.7,15.5,26.8,14.3,1268,169,62,37,485,204,463,230,21,10.7,43,4955,32.3,7.8,24.5,26.7,15.5,26.8,14.3,1268,169,62,37,485,204,463,230
1683,Florida,GE,Washington Oaks,GE_WO,WO,FLWO09_1,FLWO09,1,8.90E+02,29.62607791,-81.20329823,-3.58E-02,-1.97E-02,-7.87E-03,-7.44E-03,-1.75E-02,2.89E-02,8.90E+02,20.9,10.7,43,4986,32.3,7.6,24.7,26.7,15.4,26.8,14.2,1270,168,61,37,485,204,464,232,20.9,10.7,43,4986,32.3,7.6,24.7,26.7,15.4,26.8,14.2,1270,168,61,37,485,204,464,232
1684,Florida,GE,Washington Oaks,GE_WO,WO,FLWO09_2,FLWO09,2,9.86E+02,29.62607791,-81.20329823,-7.03E-02,-3.50E-02,8.94E-03,-2.00E-02,-2.62E-03,2.65E-02,9.86E+02,20.9,10.7,43,4986,32.3,7.6,24.7,26.7,15.4,26.8,14.2,1270,168,61,37,485,204,464,232,20.9,10.7,43,4986,32.3,7.6,24.7,26.7,15.4,26.8,14.2,1270,168,61,37,485,204,464,232
1685,Florida,GE,Washington Oaks,GE_WO,WO,FLWO09_3,FLWO09,3,1.21E+03,29.62607791,-81.20329823,2.72E-02,-4.40E-02,3.76E-02,-1.11E-02,-3.47E-03,2.96E-02,1.21E+03,20.9,10.7,43,4986,32.3,7.6,24.7,26.7,15.4,26.8,14.2,1270,168,61,37,485,204,464,232,20.9,10.7,43,4986,32.3,7.6,24.7,26.7,15.4,26.8,14.2,1270,168,61,37,485,204,464,232
4107,Florida,GE,Washington Oaks,GE_WO,WO,FLWO9_1,FLWO9,1,6.84E+02,29.62607791,-81.20329823,-1.42E-01,1.39E-02,4.79E-02,1.41E-02,-2.30E-02,-1.67E-02,6.84E+02,20.9,10.7,43,4986,32.3,7.6,24.7,26.7,15.4,26.8,14.2,1270,168,61,37,485,204,464,232,20.9,10.7,43,4986,32.3,7.6,24.7,26.7,15.4,26.8,14.2,1270,168,61,37,485,204,464,232
4116,Florida,GE,Washington Oaks,GE_WO,WO,FLWO9_10,FLWO9,10,5.83E+02,29.62607791,-81.20329823,-5.70E-02,4.25E-02,-1.92E-02,-4.51E-02,-7.41E-03,-3.53E-03,5.83E+02,20.9,10.7,43,4986,32.3,7.6,24.7,26.7,15.4,26.8,14.2,1270,168,61,37,485,204,464,232,20.9,10.7,43,4986,32.3,7.6,24.7,26.7,15.4,26.8,14.2,1270,168,61,37,485,204,464,232
4108,Florida,GE,Washington Oaks,GE_WO,WO,FLWO9_2,FLWO9,2,7.57E+02,29.62607791,-81.20329823,-9.62E-02,2.89E-02,-4.06E-02,-5.21E-02,-1.63E-02,-7.55E-03,7.57E+02,20.9,10.7,43,4986,32.3,7.6,24.7,26.7,15.4,26.8,14.2,1270,168,61,37,485,204,464,232,20.9,10.7,43,4986,32.3,7.6,24.7,26.7,15.4,26.8,14.2,1270,168,61,37,485,204,464,232
4109,Florida,GE,Washington Oaks,GE_WO,WO,FLWO9_3,FLWO9,3,5.41E+02,29.62607791,-81.20329823,-9.31E-02,3.20E-02,-8.09E-02,-1.79E-02,-2.54E-02,-6.57E-03,5.41E+02,20.9,10.7,43,4986,32.3,7.6,24.7,26.7,15.4,26.8,14.2,1270,168,61,37,485,204,464,232,20.9,10.7,43,4986,32.3,7.6,24.7,26.7,15.4,26.8,14.2,1270,168,61,37,485,204,464,232
4110,Florida,GE,Washington Oaks,GE_WO,WO,FLWO9_4,FLWO9,4,6.47E+02,29.62607791,-81.20329823,-1.11E-01,1.70E-02,2.74E-02,1.10E-02,-2.29E-02,-8.70E-03,6.47E+02,20.9,10.7,43,4986,32.3,7.6,24.7,26.7,15.4,26.8,14.2,1270,168,61,37,485,204,464,232,20.9,10.7,43,4986,32.3,7.6,24.7,26.7,15.4,26.8,14.2,1270,168,61,37,485,204,464,232
4111,Florida,GE,Washington Oaks,GE_WO,WO,FLWO9_5,FLWO9,5,4.71E+02,29.62607791,-81.20329823,-1.27E-01,3.26E-02,3.08E-02,2.15E-02,8.45E-03,-1.93E-02,4.71E+02,20.9,10.7,43,4986,32.3,7.6,24.7,26.7,15.4,26.8,14.2,1270,168,61,37,485,204,464,232,20.9,10.7,43,4986,32.3,7.6,24.7,26.7,15.4,26.8,14.2,1270,168,61,37,485,204,464,232
4112,Florida,GE,Washington Oaks,GE_WO,WO,FLWO9_6,FLWO9,6,6.70E+02,29.62607791,-81.20329823,-8.86E-02,2.17E-02,-9.44E-02,-2.01E-03,-5.77E-03,2.58E-04,6.70E+02,20.9,10.7,43,4986,32.3,7.6,24.7,26.7,15.4,26.8,14.2,1270,168,61,37,485,204,464,232,20.9,10.7,43,4986,32.3,7.6,24.7,26.7,15.4,26.8,14.2,1270,168,61,37,485,204,464,232
4113,Florida,GE,Washington Oaks,GE_WO,WO,FLWO9_7,FLWO9,7,5.66E+02,29.62607791,-81.20329823,-1.12E-01,8.34E-03,-3.01E-02,3.90E-02,-2.82E-02,-6.66E-03,5.66E+02,20.9,10.7,43,4986,32.3,7.6,24.7,26.7,15.4,26.8,14.2,1270,168,61,37,485,204,464,232,20.9,10.7,43,4986,32.3,7.6,24.7,26.7,15.4,26.8,14.2,1270,168,61,37,485,204,464,232
4114,Florida,GE,Washington Oaks,GE_WO,WO,FLWO9_8,FLWO9,8,6.23E+02,29.62607791,-81.20329823,-4.86E-02,3.44E-02,2.35E-02,-1.32E-03,8.95E-03,-1.35E-02,6.23E+02,20.9,10.7,43,4986,32.3,7.6,24.7,26.7,15.4,26.8,14.2,1270,168,61,37,485,204,464,232,20.9,10.7,43,4986,32.3,7.6,24.7,26.7,15.4,26.8,14.2,1270,168,61,37,485,204,464,232
4115,Florida,GE,Washington Oaks,GE_WO,WO,FLWO9_9,FLWO9,9,7.09E+02,29.62607791,-81.20329823,-6.44E-02,1.67E-02,-2.19E-02,-3.87E-02,-5.85E-03,-1.49E-02,7.09E+02,20.9,10.7,43,4986,32.3,7.6,24.7,26.7,15.4,26.8,14.2,1270,168,61,37,485,204,464,232,20.9,10.7,43,4986,32.3,7.6,24.7,26.7,15.4,26.8,14.2,1270,168,61,37,485,204,464,232
1686,Florida,GE,Washington Oaks,GE_WO,WO,FLWO10_1,FLWO10,1,9.18E+02,29.63478561,-81.20503563,-1.19E-01,2.98E-03,-2.63E-02,-1.10E-02,-4.01E-02,1.61E-02,9.18E+02,21,10.7,43,4993,32.3,7.6,24.7,26.7,15.4,26.8,14.2,1269,168,61,37,484,204,463,232,21,10.7,43,4993,32.3,7.6,24.7,26.7,15.4,26.8,14.2,1269,168,61,37,484,204,463,232
1687,Florida,GE,Washington Oaks,GE_WO,WO,FLWO10_2,FLWO10,2,7.31E+02,29.63478561,-81.20503563,-1.20E-01,8.92E-03,-1.07E-02,-9.92E-03,-2.67E-02,3.24E-02,7.31E+02,21,10.7,43,4993,32.3,7.6,24.7,26.7,15.4,26.8,14.2,1269,168,61,37,484,204,463,232,21,10.7,43,4993,32.3,7.6,24.7,26.7,15.4,26.8,14.2,1269,168,61,37,484,204,463,232
1688,Florida,GE,Washington Oaks,GE_WO,WO,FLWO10_3,FLWO10,3,8.02E+02,29.63478561,-81.20503563,-1.11E-01,-1.45E-02,-1.92E-02,3.65E-02,-6.16E-03,3.06E-02,8.02E+02,21,10.7,43,4993,32.3,7.6,24.7,26.7,15.4,26.8,14.2,1269,168,61,37,484,204,463,232,21,10.7,43,4993,32.3,7.6,24.7,26.7,15.4,26.8,14.2,1269,168,61,37,484,204,463,232
4049,Florida,GE,Washington Oaks,GE_WO,WO,FLWO12_1,FLWO12,1,6.12E+02,29.6393157,-81.20765733,-1.22E-01,6.56E-03,-5.79E-03,-7.34E-03,-1.33E-03,2.17E-02,6.12E+02,21,10.7,43,4993,32.3,7.6,24.7,26.7,15.4,26.8,14.2,1269,168,61,37,484,204,463,232,21,10.7,43,4993,32.3,7.6,24.7,26.7,15.4,26.8,14.2,1269,168,61,37,484,204,463,232
1692,Florida,GE,Washington Oaks,GE_WO,WO,FLWO12_1,FLWO12,1,5.62E+02,29.6393157,-81.20765733,-1.48E-01,-3.81E-02,2.78E-02,-5.04E-02,-7.10E-03,2.11E-02,5.62E+02,21,10.7,43,4993,32.3,7.6,24.7,26.7,15.4,26.8,14.2,1269,168,61,37,484,204,463,232,21,10.7,43,4993,32.3,7.6,24.7,26.7,15.4,26.8,14.2,1269,168,61,37,484,204,463,232
4050,Florida,GE,Washington Oaks,GE_WO,WO,FLWO12_2,FLWO12,2,5.12E+02,29.6393157,-81.20765733,-1.51E-01,-5.08E-03,7.03E-02,4.69E-02,-1.94E-02,2.60E-03,5.12E+02,21,10.7,43,4993,32.3,7.6,24.7,26.7,15.4,26.8,14.2,1269,168,61,37,484,204,463,232,21,10.7,43,4993,32.3,7.6,24.7,26.7,15.4,26.8,14.2,1269,168,61,37,484,204,463,232
1693,Florida,GE,Washington Oaks,GE_WO,WO,FLWO12_2,FLWO12,2,5.85E+02,29.6393157,-81.20765733,-1.95E-01,-2.96E-02,-8.74E-03,3.76E-02,-3.21E-03,1.37E-02,5.85E+02,21,10.7,43,4993,32.3,7.6,24.7,26.7,15.4,26.8,14.2,1269,168,61,37,484,204,463,232,21,10.7,43,4993,32.3,7.6,24.7,26.7,15.4,26.8,14.2,1269,168,61,37,484,204,463,232
4051,Florida,GE,Washington Oaks,GE_WO,WO,FLWO12_3,FLWO12,3,5.07E+02,29.6393157,-81.20765733,-1.54E-01,-8.41E-03,9.37E-02,1.79E-02,2.29E-04,1.11E-02,5.07E+02,21,10.7,43,4993,32.3,7.6,24.7,26.7,15.4,26.8,14.2,1269,168,61,37,484,204,463,232,21,10.7,43,4993,32.3,7.6,24.7,26.7,15.4,26.8,14.2,1269,168,61,37,484,204,463,232
1694,Florida,GE,Washington Oaks,GE_WO,WO,FLWO12_3,FLWO12,3,5.89E+02,29.6393157,-81.20765733,-1.24E-01,-4.01E-02,-8.44E-03,2.51E-02,-5.49E-04,8.33E-03,5.89E+02,21,10.7,43,4993,32.3,7.6,24.7,26.7,15.4,26.8,14.2,1269,168,61,37,484,204,463,232,21,10.7,43,4993,32.3,7.6,24.7,26.7,15.4,26.8,14.2,1269,168,61,37,484,204,463,232
4052,Florida,GE,Washington Oaks,GE_WO,WO,FLWO12_4,FLWO12,4,5.85E+02,29.6393157,-81.20765733,-1.52E-01,-1.47E-02,-1.05E-01,4.40E-03,-1.60E-02,1.56E-02,5.85E+02,21,10.7,43,4993,32.3,7.6,24.7,26.7,15.4,26.8,14.2,1269,168,61,37,484,204,463,232,21,10.7,43,4993,32.3,7.6,24.7,26.7,15.4,26.8,14.2,1269,168,61,37,484,204,463,232
4053,Florida,GE,Washington Oaks,GE_WO,WO,FLWO12_5,FLWO12,5,5.98E+02,29.6393157,-81.20765733,-1.76E-01,-3.45E-02,-5.24E-02,-5.05E-02,-2.74E-02,-1.94E-02,5.98E+02,21,10.7,43,4993,32.3,7.6,24.7,26.7,15.4,26.8,14.2,1269,168,61,37,484,204,463,232,21,10.7,43,4993,32.3,7.6,24.7,26.7,15.4,26.8,14.2,1269,168,61,37,484,204,463,232
4054,Florida,GE,Washington Oaks,GE_WO,WO,FLWO12_6,FLWO12,6,4.62E+02,29.6393157,-81.20765733,-1.75E-01,-2.41E-02,2.22E-02,6.08E-02,-2.61E-02,-6.17E-03,4.62E+02,21,10.7,43,4993,32.3,7.6,24.7,26.7,15.4,26.8,14.2,1269,168,61,37,484,204,463,232,21,10.7,43,4993,32.3,7.6,24.7,26.7,15.4,26.8,14.2,1269,168,61,37,484,204,463,232
4055,Florida,GE,Washington Oaks,GE_WO,WO,FLWO12_7,FLWO12,7,5.31E+02,29.6393157,-81.20765733,-1.79E-01,-1.14E-02,-5.17E-02,-4.01E-02,-2.74E-02,-1.66E-03,5.31E+02,21,10.7,43,4993,32.3,7.6,24.7,26.7,15.4,26.8,14.2,1269,168,61,37,484,204,463,232,21,10.7,43,4993,32.3,7.6,24.7,26.7,15.4,26.8,14.2,1269,168,61,37,484,204,463,232
4056,Florida,GE,Washington Oaks,GE_WO,WO,FLWO12_8,FLWO12,8,5.00E+02,29.6393157,-81.20765733,-1.58E-01,-1.54E-02,8.45E-02,-4.22E-03,-9.54E-03,-1.05E-03,5.00E+02,21,10.7,43,4993,32.3,7.6,24.7,26.7,15.4,26.8,14.2,1269,168,61,37,484,204,463,232,21,10.7,43,4993,32.3,7.6,24.7,26.7,15.4,26.8,14.2,1269,168,61,37,484,204,463,232
4057,Florida,GE,Washington Oaks,GE_WO,WO,FLWO13_1,FLWO13,1,5.45E+02,29.64021415,-81.20683414,-1.59E-01,2.00E-02,2.12E-02,-5.11E-02,1.58E-03,7.50E-03,5.45E+02,21,10.7,43,4993,32.3,7.6,24.7,26.7,15.4,26.8,14.2,1269,168,61,37,484,204,463,232,21,10.7,43,4993,32.3,7.6,24.7,26.7,15.4,26.8,14.2,1269,168,61,37,484,204,463,232
1695,Florida,GE,Washington Oaks,GE_WO,WO,FLWO13_1,FLWO13,1,5.12E+02,29.64021415,-81.20683414,-1.08E-01,-4.37E-03,-5.05E-04,-1.18E-02,-9.36E-03,1.35E-02,5.12E+02,21,10.7,43,4993,32.3,7.6,24.7,26.7,15.4,26.8,14.2,1269,168,61,37,484,204,463,232,21,10.7,43,4993,32.3,7.6,24.7,26.7,15.4,26.8,14.2,1269,168,61,37,484,204,463,232
4058,Florida,GE,Washington Oaks,GE_WO,WO,FLWO13_2,FLWO13,2,5.22E+02,29.64021415,-81.20683414,-1.57E-01,1.96E-02,4.14E-02,-1.20E-02,8.57E-03,1.62E-02,5.22E+02,21,10.7,43,4993,32.3,7.6,24.7,26.7,15.4,26.8,14.2,1269,168,61,37,484,204,463,232,21,10.7,43,4993,32.3,7.6,24.7,26.7,15.4,26.8,14.2,1269,168,61,37,484,204,463,232
1696,Florida,GE,Washington Oaks,GE_WO,WO,FLWO13_2,FLWO13,2,5.79E+02,29.64021415,-81.20683414,-8.22E-02,-7.33E-03,8.91E-03,3.20E-02,-1.14E-02,2.18E-02,5.79E+02,21,10.7,43,4993,32.3,7.6,24.7,26.7,15.4,26.8,14.2,1269,168,61,37,484,204,463,232,21,10.7,43,4993,32.3,7.6,24.7,26.7,15.4,26.8,14.2,1269,168,61,37,484,204,463,232
4059,Florida,GE,Washington Oaks,GE_WO,WO,FLWO13_3,FLWO13,3,6.05E+02,29.64021415,-81.20683414,-4.33E-02,3.15E-02,-2.18E-02,-2.15E-02,-1.35E-02,-5.61E-03,6.05E+02,21,10.7,43,4993,32.3,7.6,24.7,26.7,15.4,26.8,14.2,1269,168,61,37,484,204,463,232,21,10.7,43,4993,32.3,7.6,24.7,26.7,15.4,26.8,14.2,1269,168,61,37,484,204,463,232
1697,Florida,GE,Washington Oaks,GE_WO,WO,FLWO13_3,FLWO13,3,6.69E+02,29.64021415,-81.20683414,-3.31E-02,3.13E-04,1.41E-02,-5.08E-03,-8.11E-03,1.22E-02,6.69E+02,21,10.7,43,4993,32.3,7.6,24.7,26.7,15.4,26.8,14.2,1269,168,61,37,484,204,463,232,21,10.7,43,4993,32.3,7.6,24.7,26.7,15.4,26.8,14.2,1269,168,61,37,484,204,463,232
4060,Florida,GE,Washington Oaks,GE_WO,WO,FLWO13_4,FLWO13,4,4.37E+02,29.64021415,-81.20683414,-1.02E-01,3.33E-02,9.79E-02,1.52E-02,9.68E-03,9.25E-03,4.37E+02,21,10.7,43,4993,32.3,7.6,24.7,26.7,15.4,26.8,14.2,1269,168,61,37,484,204,463,232,21,10.7,43,4993,32.3,7.6,24.7,26.7,15.4,26.8,14.2,1269,168,61,37,484,204,463,232
4061,Florida,GE,Washington Oaks,GE_WO,WO,FLWO13_5,FLWO13,5,3.70E+02,29.64021415,-81.20683414,-1.05E-01,1.43E-02,6.90E-03,4.57E-02,-1.11E-02,1.43E-02,3.70E+02,21,10.7,43,4993,32.3,7.6,24.7,26.7,15.4,26.8,14.2,1269,168,61,37,484,204,463,232,21,10.7,43,4993,32.3,7.6,24.7,26.7,15.4,26.8,14.2,1269,168,61,37,484,204,463,232
3721,Florida,GE,Morningside,GE_MO,MO,FLMO84_1,FLMO84,1,5.35E+02,29.65338799,-82.27906404,-8.17E-02,1.95E-02,-3.51E-02,-2.42E-02,-2.41E-03,1.63E-04,5.35E+02,20.4,12.7,47,5293,32.8,5.9,26.9,26.8,17.3,26.8,13.3,1310,194,57,41,533,191,533,271,20.4,12.7,47,5293,32.8,5.9,26.9,26.8,17.3,26.8,13.3,1310,194,57,41,533,191,533,271
3722,Florida,GE,Morningside,GE_MO,MO,FLMO84_2,FLMO84,2,6.15E+02,29.65338799,-82.27906404,-9.29E-02,3.63E-05,-5.55E-02,-3.05E-02,-5.24E-02,-2.83E-02,6.15E+02,20.4,12.7,47,5293,32.8,5.9,26.9,26.8,17.3,26.8,13.3,1310,194,57,41,533,191,533,271,20.4,12.7,47,5293,32.8,5.9,26.9,26.8,17.3,26.8,13.3,1310,194,57,41,533,191,533,271
3723,Florida,GE,Morningside,GE_MO,MO,FLMO84_3,FLMO84,3,6.98E+02,29.65338799,-82.27906404,-1.30E-02,-8.02E-03,2.69E-02,4.51E-02,-3.68E-02,-5.39E-03,6.98E+02,20.4,12.7,47,5293,32.8,5.9,26.9,26.8,17.3,26.8,13.3,1310,194,57,41,533,191,533,271,20.4,12.7,47,5293,32.8,5.9,26.9,26.8,17.3,26.8,13.3,1310,194,57,41,533,191,533,271
3724,Florida,GE,Morningside,GE_MO,MO,FLMO84_4,FLMO84,4,6.06E+02,29.65338799,-82.27906404,-5.56E-02,3.76E-02,-1.06E-02,1.53E-02,-3.87E-03,2.19E-03,6.06E+02,20.4,12.7,47,5293,32.8,5.9,26.9,26.8,17.3,26.8,13.3,1310,194,57,41,533,191,533,271,20.4,12.7,47,5293,32.8,5.9,26.9,26.8,17.3,26.8,13.3,1310,194,57,41,533,191,533,271
3725,Florida,GE,Morningside,GE_MO,MO,FLMO84_5,FLMO84,5,5.53E+02,29.65338799,-82.27906404,-1.33E-01,1.88E-02,2.71E-02,-2.95E-02,5.30E-04,-4.86E-03,5.53E+02,20.4,12.7,47,5293,32.8,5.9,26.9,26.8,17.3,26.8,13.3,1310,194,57,41,533,191,533,271,20.4,12.7,47,5293,32.8,5.9,26.9,26.8,17.3,26.8,13.3,1310,194,57,41,533,191,533,271
3726,Florida,GE,Morningside,GE_MO,MO,FLMO84_6,FLMO84,6,6.35E+02,29.65338799,-82.27906404,-6.72E-02,5.94E-03,-3.96E-02,-2.03E-02,-3.64E-02,4.06E-03,6.35E+02,20.4,12.7,47,5293,32.8,5.9,26.9,26.8,17.3,26.8,13.3,1310,194,57,41,533,191,533,271,20.4,12.7,47,5293,32.8,5.9,26.9,26.8,17.3,26.8,13.3,1310,194,57,41,533,191,533,271
3727,Florida,GE,Morningside,GE_MO,MO,FLMO84_7,FLMO84,7,5.90E+02,29.65338799,-82.27906404,-1.06E-01,2.03E-02,-3.22E-02,-4.63E-03,-5.10E-03,7.97E-03,5.90E+02,20.4,12.7,47,5293,32.8,5.9,26.9,26.8,17.3,26.8,13.3,1310,194,57,41,533,191,533,271,20.4,12.7,47,5293,32.8,5.9,26.9,26.8,17.3,26.8,13.3,1310,194,57,41,533,191,533,271
3728,Florida,GE,Morningside,GE_MO,MO,FLMO84_8,FLMO84,8,8.12E+02,29.65338799,-82.27906404,-8.15E-02,2.54E-02,-1.75E-02,-4.78E-02,-1.49E-02,1.09E-02,8.12E+02,20.4,12.7,47,5293,32.8,5.9,26.9,26.8,17.3,26.8,13.3,1310,194,57,41,533,191,533,271,20.4,12.7,47,5293,32.8,5.9,26.9,26.8,17.3,26.8,13.3,1310,194,57,41,533,191,533,271
3729,Florida,GE,Morningside,GE_MO,MO,FLMO84_9,FLMO84,9,4.99E+02,29.65338799,-82.27906404,-1.22E-01,2.12E-02,-8.35E-02,4.32E-04,-1.25E-03,7.20E-03,4.99E+02,20.4,12.7,47,5293,32.8,5.9,26.9,26.8,17.3,26.8,13.3,1310,194,57,41,533,191,533,271,20.4,12.7,47,5293,32.8,5.9,26.9,26.8,17.3,26.8,13.3,1310,194,57,41,533,191,533,271
3926,Florida,GE,San Felasco,GE_SF,SF,FLSF48_1,FLSF48,1,4.18E+02,29.71414531,-82.44358605,-1.15E-01,-6.12E-03,6.89E-02,8.90E-03,-8.68E-03,-1.13E-02,4.18E+02,20.4,13.2,48,5336,32.9,5.5,27.4,26.7,17.3,26.7,13.2,1333,202,55,42,547,189,547,277,20.4,13.2,48,5336,32.9,5.5,27.4,26.7,17.3,26.7,13.2,1333,202,55,42,547,189,547,277
3927,Florida,GE,San Felasco,GE_SF,SF,FLSF48_2,FLSF48,2,4.45E+02,29.71414531,-82.44358605,-1.06E-01,-2.22E-02,2.18E-02,-1.00E-02,-8.03E-03,7.44E-03,4.45E+02,20.4,13.2,48,5336,32.9,5.5,27.4,26.7,17.3,26.7,13.2,1333,202,55,42,547,189,547,277,20.4,13.2,48,5336,32.9,5.5,27.4,26.7,17.3,26.7,13.2,1333,202,55,42,547,189,547,277
3928,Florida,GE,San Felasco,GE_SF,SF,FLSF48_3,FLSF48,3,4.59E+02,29.71414531,-82.44358605,-1.17E-01,-1.02E-02,3.07E-03,3.18E-02,-1.34E-02,-1.50E-03,4.59E+02,20.4,13.2,48,5336,32.9,5.5,27.4,26.7,17.3,26.7,13.2,1333,202,55,42,547,189,547,277,20.4,13.2,48,5336,32.9,5.5,27.4,26.7,17.3,26.7,13.2,1333,202,55,42,547,189,547,277
3929,Florida,GE,San Felasco,GE_SF,SF,FLSF48_4,FLSF48,4,3.87E+02,29.71414531,-82.44358605,-1.35E-01,1.12E-02,-7.81E-03,-9.57E-03,-4.75E-03,1.63E-03,3.87E+02,20.4,13.2,48,5336,32.9,5.5,27.4,26.7,17.3,26.7,13.2,1333,202,55,42,547,189,547,277,20.4,13.2,48,5336,32.9,5.5,27.4,26.7,17.3,26.7,13.2,1333,202,55,42,547,189,547,277
3930,Florida,GE,San Felasco,GE_SF,SF,FLSF48_5,FLSF48,5,5.09E+02,29.71414531,-82.44358605,-6.64E-02,-3.06E-03,-3.44E-02,-2.78E-02,-1.75E-02,-8.65E-03,5.09E+02,20.4,13.2,48,5336,32.9,5.5,27.4,26.7,17.3,26.7,13.2,1333,202,55,42,547,189,547,277,20.4,13.2,48,5336,32.9,5.5,27.4,26.7,17.3,26.7,13.2,1333,202,55,42,547,189,547,277
3931,Florida,GE,San Felasco,GE_SF,SF,FLSF48_6,FLSF48,6,4.05E+02,29.71414531,-82.44358605,-9.78E-02,1.85E-02,-1.62E-02,-3.16E-03,-7.82E-03,2.00E-02,4.05E+02,20.4,13.2,48,5336,32.9,5.5,27.4,26.7,17.3,26.7,13.2,1333,202,55,42,547,189,547,277,20.4,13.2,48,5336,32.9,5.5,27.4,26.7,17.3,26.7,13.2,1333,202,55,42,547,189,547,277
3932,Florida,GE,San Felasco,GE_SF,SF,FLSF48_7,FLSF48,7,4.24E+02,29.71414531,-82.44358605,-1.33E-01,1.94E-02,7.08E-03,8.06E-05,7.05E-04,-5.47E-03,4.24E+02,20.4,13.2,48,5336,32.9,5.5,27.4,26.7,17.3,26.7,13.2,1333,202,55,42,547,189,547,277,20.4,13.2,48,5336,32.9,5.5,27.4,26.7,17.3,26.7,13.2,1333,202,55,42,547,189,547,277
3933,Florida,GE,San Felasco,GE_SF,SF,FLSF48_8,FLSF48,8,3.54E+02,29.71414531,-82.44358605,-1.22E-01,9.66E-03,-1.01E-02,-3.50E-02,-1.29E-02,-3.51E-03,3.54E+02,20.4,13.2,48,5336,32.9,5.5,27.4,26.7,17.3,26.7,13.2,1333,202,55,42,547,189,547,277,20.4,13.2,48,5336,32.9,5.5,27.4,26.7,17.3,26.7,13.2,1333,202,55,42,547,189,547,277
3897,Florida,GE,San Felasco,GE_SF,SF,FLSF45_1,FLSF45,1,5.30E+02,29.71469457,-82.44345378,-1.31E-01,-2.77E-02,-7.37E-02,2.02E-02,-2.38E-02,1.43E-02,5.30E+02,20.4,13.2,48,5336,32.9,5.5,27.4,26.7,17.3,26.7,13.2,1333,202,55,42,547,189,547,277,20.4,13.2,48,5336,32.9,5.5,27.4,26.7,17.3,26.7,13.2,1333,202,55,42,547,189,547,277
3906,Florida,GE,San Felasco,GE_SF,SF,FLSF45_10,FLSF45,10,2.41E+02,29.71469457,-82.44345378,-1.56E-01,-7.23E-04,-3.28E-02,-1.20E-02,-1.48E-03,1.41E-02,2.41E+02,20.4,13.2,48,5336,32.9,5.5,27.4,26.7,17.3,26.7,13.2,1333,202,55,42,547,189,547,277,20.4,13.2,48,5336,32.9,5.5,27.4,26.7,17.3,26.7,13.2,1333,202,55,42,547,189,547,277
3898,Florida,GE,San Felasco,GE_SF,SF,FLSF45_2,FLSF45,2,3.75E+02,29.71469457,-82.44345378,-9.97E-02,2.32E-02,-2.72E-02,1.30E-02,7.58E-04,2.41E-02,3.75E+02,20.4,13.2,48,5336,32.9,5.5,27.4,26.7,17.3,26.7,13.2,1333,202,55,42,547,189,547,277,20.4,13.2,48,5336,32.9,5.5,27.4,26.7,17.3,26.7,13.2,1333,202,55,42,547,189,547,277
3899,Florida,GE,San Felasco,GE_SF,SF,FLSF45_3,FLSF45,3,4.05E+02,29.71469457,-82.44345378,-8.98E-02,-1.63E-02,-3.51E-02,-2.86E-02,3.12E-03,2.05E-02,4.05E+02,20.4,13.2,48,5336,32.9,5.5,27.4,26.7,17.3,26.7,13.2,1333,202,55,42,547,189,547,277,20.4,13.2,48,5336,32.9,5.5,27.4,26.7,17.3,26.7,13.2,1333,202,55,42,547,189,547,277
3900,Florida,GE,San Felasco,GE_SF,SF,FLSF45_4,FLSF45,4,4.75E+02,29.71469457,-82.44345378,-1.01E-01,1.41E-03,1.32E-02,3.75E-02,-5.38E-03,-7.17E-04,4.75E+02,20.4,13.2,48,5336,32.9,5.5,27.4,26.7,17.3,26.7,13.2,1333,202,55,42,547,189,547,277,20.4,13.2,48,5336,32.9,5.5,27.4,26.7,17.3,26.7,13.2,1333,202,55,42,547,189,547,277
3901,Florida,GE,San Felasco,GE_SF,SF,FLSF45_5,FLSF45,5,3.49E+02,29.71469457,-82.44345378,-1.26E-01,-1.95E-03,-6.75E-02,2.38E-02,-3.55E-03,2.65E-02,3.49E+02,20.4,13.2,48,5336,32.9,5.5,27.4,26.7,17.3,26.7,13.2,1333,202,55,42,547,189,547,277,20.4,13.2,48,5336,32.9,5.5,27.4,26.7,17.3,26.7,13.2,1333,202,55,42,547,189,547,277
3902,Florida,GE,San Felasco,GE_SF,SF,FLSF45_6,FLSF45,6,5.13E+02,29.71469457,-82.44345378,-7.06E-02,-9.28E-03,3.52E-02,2.32E-02,5.59E-03,2.73E-02,5.13E+02,20.4,13.2,48,5336,32.9,5.5,27.4,26.7,17.3,26.7,13.2,1333,202,55,42,547,189,547,277,20.4,13.2,48,5336,32.9,5.5,27.4,26.7,17.3,26.7,13.2,1333,202,55,42,547,189,547,277
3903,Florida,GE,San Felasco,GE_SF,SF,FLSF45_7,FLSF45,7,4.72E+02,29.71469457,-82.44345378,-1.10E-01,1.01E-02,-6.31E-03,-2.79E-02,-1.21E-02,1.23E-02,4.72E+02,20.4,13.2,48,5336,32.9,5.5,27.4,26.7,17.3,26.7,13.2,1333,202,55,42,547,189,547,277,20.4,13.2,48,5336,32.9,5.5,27.4,26.7,17.3,26.7,13.2,1333,202,55,42,547,189,547,277
3904,Florida,GE,San Felasco,GE_SF,SF,FLSF45_8,FLSF45,8,3.86E+02,29.71469457,-82.44345378,-1.20E-01,1.81E-02,-4.02E-02,-1.17E-04,-1.51E-02,7.42E-03,3.86E+02,20.4,13.2,48,5336,32.9,5.5,27.4,26.7,17.3,26.7,13.2,1333,202,55,42,547,189,547,277,20.4,13.2,48,5336,32.9,5.5,27.4,26.7,17.3,26.7,13.2,1333,202,55,42,547,189,547,277
3905,Florida,GE,San Felasco,GE_SF,SF,FLSF45_9,FLSF45,9,4.13E+02,29.71469457,-82.44345378,-1.21E-01,6.29E-03,1.43E-02,1.02E-02,-4.59E-04,1.91E-02,4.13E+02,20.4,13.2,48,5336,32.9,5.5,27.4,26.7,17.3,26.7,13.2,1333,202,55,42,547,189,547,277,20.4,13.2,48,5336,32.9,5.5,27.4,26.7,17.3,26.7,13.2,1333,202,55,42,547,189,547,277
3853,Florida,GE,San Felasco,GE_SF,SF,FLSF37_1,FLSF37,1,7.91E+02,29.71521383,-82.44750274,-6.17E-02,3.31E-02,-3.04E-02,-6.91E-03,7.99E-03,-1.13E-02,7.91E+02,20.4,13.2,48,5336,32.9,5.5,27.4,26.7,17.3,26.7,13.2,1333,202,55,42,547,189,547,277,20.4,13.2,48,5336,32.9,5.5,27.4,26.7,17.3,26.7,13.2,1333,202,55,42,547,189,547,277
3854,Florida,GE,San Felasco,GE_SF,SF,FLSF37_2,FLSF37,2,6.54E+02,29.71521383,-82.44750274,-8.75E-02,3.07E-02,1.25E-02,6.05E-02,-3.73E-02,-2.16E-02,6.54E+02,20.4,13.2,48,5336,32.9,5.5,27.4,26.7,17.3,26.7,13.2,1333,202,55,42,547,189,547,277,20.4,13.2,48,5336,32.9,5.5,27.4,26.7,17.3,26.7,13.2,1333,202,55,42,547,189,547,277
3934,Florida,GE,San Felasco,GE_SF,SF,FLSF50_1,FLSF50,1,5.78E+02,29.71694176,-82.44314239,-2.05E-01,-1.40E-02,-8.04E-03,-3.38E-02,-8.53E-03,-1.83E-03,5.78E+02,20.4,13.2,48,5343,32.9,5.4,27.5,26.7,17.3,26.7,13.1,1332,202,55,41,547,189,547,277,20.4,13.2,48,5343,32.9,5.4,27.5,26.7,17.3,26.7,13.1,1332,202,55,41,547,189,547,277
3935,Florida,GE,San Felasco,GE_SF,SF,FLSF50_2,FLSF50,2,4.68E+02,29.71694176,-82.44314239,-2.23E-01,1.73E-02,9.08E-04,7.24E-03,5.98E-03,-4.80E-03,4.68E+02,20.4,13.2,48,5343,32.9,5.4,27.5,26.7,17.3,26.7,13.1,1332,202,55,41,547,189,547,277,20.4,13.2,48,5343,32.9,5.4,27.5,26.7,17.3,26.7,13.1,1332,202,55,41,547,189,547,277
3936,Florida,GE,San Felasco,GE_SF,SF,FLSF50_3,FLSF50,3,5.18E+02,29.71694176,-82.44314239,-1.75E-01,-7.12E-03,-1.96E-02,1.16E-03,6.27E-03,1.04E-02,5.18E+02,20.4,13.2,48,5343,32.9,5.4,27.5,26.7,17.3,26.7,13.1,1332,202,55,41,547,189,547,277,20.4,13.2,48,5343,32.9,5.4,27.5,26.7,17.3,26.7,13.1,1332,202,55,41,547,189,547,277
3937,Florida,GE,San Felasco,GE_SF,SF,FLSF50_4,FLSF50,4,4.51E+02,29.71694176,-82.44314239,-2.03E-01,3.45E-03,7.38E-02,3.93E-02,-8.13E-03,-9.68E-03,4.51E+02,20.4,13.2,48,5343,32.9,5.4,27.5,26.7,17.3,26.7,13.1,1332,202,55,41,547,189,547,277,20.4,13.2,48,5343,32.9,5.4,27.5,26.7,17.3,26.7,13.1,1332,202,55,41,547,189,547,277
3938,Florida,GE,San Felasco,GE_SF,SF,FLSF50_5,FLSF50,5,2.95E+02,29.71694176,-82.44314239,-2.03E-01,-7.99E-03,7.17E-02,-3.94E-03,1.16E-02,4.83E-03,2.95E+02,20.4,13.2,48,5343,32.9,5.4,27.5,26.7,17.3,26.7,13.1,1332,202,55,41,547,189,547,277,20.4,13.2,48,5343,32.9,5.4,27.5,26.7,17.3,26.7,13.1,1332,202,55,41,547,189,547,277
3939,Florida,GE,San Felasco,GE_SF,SF,FLSF50_6,FLSF50,6,4.01E+02,29.71694176,-82.44314239,-2.19E-01,7.51E-03,5.09E-03,-3.37E-03,-6.19E-03,-1.36E-02,4.01E+02,20.4,13.2,48,5343,32.9,5.4,27.5,26.7,17.3,26.7,13.1,1332,202,55,41,547,189,547,277,20.4,13.2,48,5343,32.9,5.4,27.5,26.7,17.3,26.7,13.1,1332,202,55,41,547,189,547,277
3940,Florida,GE,San Felasco,GE_SF,SF,FLSF50_7,FLSF50,7,5.72E+02,29.71694176,-82.44314239,-2.06E-01,-1.07E-02,-2.15E-02,4.51E-02,4.08E-03,5.56E-03,5.72E+02,20.4,13.2,48,5343,32.9,5.4,27.5,26.7,17.3,26.7,13.1,1332,202,55,41,547,189,547,277,20.4,13.2,48,5343,32.9,5.4,27.5,26.7,17.3,26.7,13.1,1332,202,55,41,547,189,547,277
3941,Florida,GE,San Felasco,GE_SF,SF,FLSF50_8,FLSF50,8,4.01E+02,29.71694176,-82.44314239,-2.12E-01,-1.79E-02,-5.73E-03,2.72E-03,-1.94E-04,-5.13E-04,4.01E+02,20.4,13.2,48,5343,32.9,5.4,27.5,26.7,17.3,26.7,13.1,1332,202,55,41,547,189,547,277,20.4,13.2,48,5343,32.9,5.4,27.5,26.7,17.3,26.7,13.1,1332,202,55,41,547,189,547,277
3942,Florida,GE,San Felasco,GE_SF,SF,FLSF52_1,FLSF52,1,4.39E+02,29.72368366,-82.44578311,-9.91E-02,-4.42E-02,1.82E-02,-5.35E-02,2.42E-02,1.65E-02,4.39E+02,20.4,13.2,48,5343,32.9,5.4,27.5,26.7,17.3,26.7,13.1,1332,202,55,41,547,189,547,277,20.4,13.2,48,5343,32.9,5.4,27.5,26.7,17.3,26.7,13.1,1332,202,55,41,547,189,547,277
3943,Florida,GE,San Felasco,GE_SF,SF,FLSF52_2,FLSF52,2,5.21E+02,29.72368366,-82.44578311,-1.16E-01,-2.84E-02,-1.44E-02,2.46E-02,9.84E-03,6.40E-03,5.21E+02,20.4,13.2,48,5343,32.9,5.4,27.5,26.7,17.3,26.7,13.1,1332,202,55,41,547,189,547,277,20.4,13.2,48,5343,32.9,5.4,27.5,26.7,17.3,26.7,13.1,1332,202,55,41,547,189,547,277
3944,Florida,GE,San Felasco,GE_SF,SF,FLSF52_3,FLSF52,3,4.02E+02,29.72368366,-82.44578311,-1.27E-01,-3.84E-02,-2.35E-02,-1.44E-02,1.77E-02,1.57E-02,4.02E+02,20.4,13.2,48,5343,32.9,5.4,27.5,26.7,17.3,26.7,13.1,1332,202,55,41,547,189,547,277,20.4,13.2,48,5343,32.9,5.4,27.5,26.7,17.3,26.7,13.1,1332,202,55,41,547,189,547,277
3945,Florida,GE,San Felasco,GE_SF,SF,FLSF52_4,FLSF52,4,3.10E+02,29.72368366,-82.44578311,-9.50E-02,-2.12E-02,-3.55E-03,2.80E-02,6.16E-03,1.31E-02,3.10E+02,20.4,13.2,48,5343,32.9,5.4,27.5,26.7,17.3,26.7,13.1,1332,202,55,41,547,189,547,277,20.4,13.2,48,5343,32.9,5.4,27.5,26.7,17.3,26.7,13.1,1332,202,55,41,547,189,547,277
3946,Florida,GE,San Felasco,GE_SF,SF,FLSF52_5,FLSF52,5,2.79E+02,29.72368366,-82.44578311,-7.60E-02,-1.72E-02,-6.97E-03,2.00E-02,1.93E-02,4.02E-03,2.79E+02,20.4,13.2,48,5343,32.9,5.4,27.5,26.7,17.3,26.7,13.1,1332,202,55,41,547,189,547,277,20.4,13.2,48,5343,32.9,5.4,27.5,26.7,17.3,26.7,13.1,1332,202,55,41,547,189,547,277
3947,Florida,GE,San Felasco,GE_SF,SF,FLSF53_1,FLSF53,1,5.22E+02,29.72745208,-82.4461261,-1.60E-01,1.34E-02,-6.12E-03,-2.48E-02,-1.13E-03,1.64E-03,5.22E+02,20.3,13.2,48,5381,32.9,5.4,27.5,26.7,17.1,26.7,13.1,1333,202,55,41,547,189,547,277,20.3,13.2,48,5381,32.9,5.4,27.5,26.7,17.1,26.7,13.1,1333,202,55,41,547,189,547,277
3948,Florida,GE,San Felasco,GE_SF,SF,FLSF53_2,FLSF53,2,4.49E+02,29.72745208,-82.4461261,-1.14E-01,-1.02E-02,4.59E-02,4.40E-02,7.80E-03,6.35E-03,4.49E+02,20.3,13.2,48,5381,32.9,5.4,27.5,26.7,17.1,26.7,13.1,1333,202,55,41,547,189,547,277,20.3,13.2,48,5381,32.9,5.4,27.5,26.7,17.1,26.7,13.1,1333,202,55,41,547,189,547,277
3949,Florida,GE,San Felasco,GE_SF,SF,FLSF53_3,FLSF53,3,4.44E+02,29.72745208,-82.4461261,-1.30E-01,3.41E-02,-2.42E-02,-5.03E-02,-7.95E-03,-7.81E-03,4.44E+02,20.3,13.2,48,5381,32.9,5.4,27.5,26.7,17.1,26.7,13.1,1333,202,55,41,547,189,547,277,20.3,13.2,48,5381,32.9,5.4,27.5,26.7,17.1,26.7,13.1,1333,202,55,41,547,189,547,277
3950,Florida,GE,San Felasco,GE_SF,SF,FLSF53_4,FLSF53,4,3.20E+02,29.72745208,-82.4461261,-1.70E-01,-2.10E-03,-1.60E-02,-1.15E-02,3.86E-03,-6.44E-03,3.20E+02,20.3,13.2,48,5381,32.9,5.4,27.5,26.7,17.1,26.7,13.1,1333,202,55,41,547,189,547,277,20.3,13.2,48,5381,32.9,5.4,27.5,26.7,17.1,26.7,13.1,1333,202,55,41,547,189,547,277
3951,Florida,GE,San Felasco,GE_SF,SF,FLSF53_5,FLSF53,5,3.30E+02,29.72745208,-82.4461261,-1.43E-01,-2.42E-03,3.22E-02,3.42E-03,4.51E-03,5.06E-03,3.30E+02,20.3,13.2,48,5381,32.9,5.4,27.5,26.7,17.1,26.7,13.1,1333,202,55,41,547,189,547,277,20.3,13.2,48,5381,32.9,5.4,27.5,26.7,17.1,26.7,13.1,1333,202,55,41,547,189,547,277
3952,Florida,GE,San Felasco,GE_SF,SF,FLSF53_6,FLSF53,6,4.03E+02,29.72745208,-82.4461261,-1.36E-01,1.21E-02,-6.08E-02,3.18E-03,1.69E-03,8.39E-03,4.03E+02,20.3,13.2,48,5381,32.9,5.4,27.5,26.7,17.1,26.7,13.1,1333,202,55,41,547,189,547,277,20.3,13.2,48,5381,32.9,5.4,27.5,26.7,17.1,26.7,13.1,1333,202,55,41,547,189,547,277
3953,Florida,GE,San Felasco,GE_SF,SF,FLSF53_7,FLSF53,7,3.13E+02,29.72745208,-82.4461261,-1.99E-01,7.81E-03,-1.97E-02,-2.31E-02,1.10E-03,7.67E-03,3.13E+02,20.3,13.2,48,5381,32.9,5.4,27.5,26.7,17.1,26.7,13.1,1333,202,55,41,547,189,547,277,20.3,13.2,48,5381,32.9,5.4,27.5,26.7,17.1,26.7,13.1,1333,202,55,41,547,189,547,277
3954,Florida,GE,San Felasco,GE_SF,SF,FLSF53_8,FLSF53,8,2.94E+02,29.72745208,-82.4461261,-1.63E-01,8.82E-03,-1.86E-02,-1.71E-02,3.98E-03,2.45E-03,2.94E+02,20.3,13.2,48,5381,32.9,5.4,27.5,26.7,17.1,26.7,13.1,1333,202,55,41,547,189,547,277,20.3,13.2,48,5381,32.9,5.4,27.5,26.7,17.1,26.7,13.1,1333,202,55,41,547,189,547,277
3458,Florida,GE,Big Shoals,GE_BS,BS,FLBS103_1,FLBS103,1,1.25E+03,30.34187769,-82.73402461,-1.17E-01,5.21E-02,-5.12E-02,-1.01E-02,-1.61E-02,2.63E-04,1.25E+03,19.9,13.7,47,5736,33.3,4.3,29,26.8,16.3,26.8,12.1,1345,182,57,34,511,209,511,298,19.9,13.7,47,5736,33.3,4.3,29,26.8,16.3,26.8,12.1,1345,182,57,34,511,209,511,298
3459,Florida,GE,Big Shoals,GE_BS,BS,FLBS103_2,FLBS103,2,7.97E+02,30.34187769,-82.73402461,-5.70E-02,3.53E-02,-4.07E-02,-2.51E-03,-3.64E-02,-2.09E-02,7.97E+02,19.9,13.7,47,5736,33.3,4.3,29,26.8,16.3,26.8,12.1,1345,182,57,34,511,209,511,298,19.9,13.7,47,5736,33.3,4.3,29,26.8,16.3,26.8,12.1,1345,182,57,34,511,209,511,298
3460,Florida,GE,Big Shoals,GE_BS,BS,FLBS103_3,FLBS103,3,3.46E+02,30.34187769,-82.73402461,-1.38E-01,2.87E-02,-3.26E-02,7.86E-02,-3.30E-04,2.25E-02,3.46E+02,19.9,13.7,47,5736,33.3,4.3,29,26.8,16.3,26.8,12.1,1345,182,57,34,511,209,511,298,19.9,13.7,47,5736,33.3,4.3,29,26.8,16.3,26.8,12.1,1345,182,57,34,511,209,511,298
3461,Florida,GE,Big Shoals,GE_BS,BS,FLBS104_1,FLBS104,1,1.06E+03,30.34187769,-82.73402461,-1.02E-01,1.08E-02,9.40E-03,7.20E-03,-4.01E-03,6.75E-03,1.06E+03,19.9,13.7,47,5736,33.3,4.3,29,26.8,16.3,26.8,12.1,1345,182,57,34,511,209,511,298,19.9,13.7,47,5736,33.3,4.3,29,26.8,16.3,26.8,12.1,1345,182,57,34,511,209,511,298
3424,Florida,GE,Archbold ,GE_AB,AB,FLAB111_1,FLAB111,1,9.75E+02,,,-5.53E-02,-4.02E-02,-9.16E-02,-6.43E-02,1.85E-02,2.29E-02,9.75E+02,,,,,,,,,,,,,,,,,,,,,,,,,,,,,,,,,,,,,,
3433,Florida,GE,Archbold ,GE_AB,AB,FLAB111_10,FLAB111,10,6.75E+02,,,-2.29E-02,-4.61E-03,-9.32E-02,-6.13E-02,-6.17E-02,7.23E-04,6.75E+02,,,,,,,,,,,,,,,,,,,,,,,,,,,,,,,,,,,,,,
3425,Florida,GE,Archbold ,GE_AB,AB,FLAB111_2,FLAB111,2,5.28E+02,,,-8.96E-02,-1.02E-02,2.59E-02,1.93E-03,1.67E-02,2.21E-02,5.28E+02,,,,,,,,,,,,,,,,,,,,,,,,,,,,,,,,,,,,,,
3426,Florida,GE,Archbold ,GE_AB,AB,FLAB111_3,FLAB111,3,7.11E+02,,,-3.18E-02,4.17E-03,-1.30E-01,-5.76E-02,2.56E-03,1.43E-02,7.11E+02,,,,,,,,,,,,,,,,,,,,,,,,,,,,,,,,,,,,,,
3427,Florida,GE,Archbold ,GE_AB,AB,FLAB111_4,FLAB111,4,3.44E+02,,,-1.25E-01,-3.19E-02,1.05E-01,7.26E-02,2.62E-02,5.14E-03,3.44E+02,,,,,,,,,,,,,,,,,,,,,,,,,,,,,,,,,,,,,,
3428,Florida,GE,Archbold ,GE_AB,AB,FLAB111_5,FLAB111,5,3.68E+02,,,-1.06E-01,-1.09E-02,-3.32E-02,2.87E-03,-6.18E-03,2.24E-02,3.68E+02,,,,,,,,,,,,,,,,,,,,,,,,,,,,,,,,,,,,,,
3429,Florida,GE,Archbold ,GE_AB,AB,FLAB111_6,FLAB111,6,5.71E+02,,,-9.28E-02,-8.43E-03,7.70E-02,3.89E-02,8.90E-03,1.69E-03,5.71E+02,,,,,,,,,,,,,,,,,,,,,,,,,,,,,,,,,,,,,,
3430,Florida,GE,Archbold ,GE_AB,AB,FLAB111_7,FLAB111,7,4.59E+02,,,-1.20E-01,-3.39E-02,1.24E-01,2.63E-02,-2.84E-02,7.07E-03,4.59E+02,,,,,,,,,,,,,,,,,,,,,,,,,,,,,,,,,,,,,,
3431,Florida,GE,Archbold ,GE_AB,AB,FLAB111_8,FLAB111,8,8.23E+02,,,-1.19E-02,-3.42E-02,-6.53E-02,-5.55E-02,-3.48E-02,2.30E-02,8.23E+02,,,,,,,,,,,,,,,,,,,,,,,,,,,,,,,,,,,,,,
3432,Florida,GE,Archbold ,GE_AB,AB,FLAB111_9,FLAB111,9,6.94E+02,,,-1.52E-02,4.96E-03,-1.22E-01,-7.45E-02,-2.53E-02,1.39E-03,6.94E+02,,,,,,,,,,,,,,,,,,,,,,,,,,,,,,,,,,,,,,
3668,Florida,GE,MacArthur Park,GE_MA,MA,FLMA144_1,FLMA144,1,6.91E+02,,,-1.21E-01,3.60E-02,-2.15E-02,3.14E-03,-3.29E-03,1.64E-02,6.91E+02,,,,,,,,,,,,,,,,,,,,,,,,,,,,,,,,,,,,,,
1606,Florida,GE,MacArthur Park,GE_MA,MA,FLMA144_1,FLMA144,1,1.19E+03,,,-1.14E-01,-3.75E-02,1.25E-02,-1.29E-02,-2.21E-03,2.25E-02,1.19E+03,,,,,,,,,,,,,,,,,,,,,,,,,,,,,,,,,,,,,,
3669,Florida,GE,MacArthur Park,GE_MA,MA,FLMA144_2,FLMA144,2,8.18E+02,,,-1.13E-01,4.12E-02,-1.91E-02,-2.21E-02,1.22E-02,1.72E-02,8.18E+02,,,,,,,,,,,,,,,,,,,,,,,,,,,,,,,,,,,,,,
1607,Florida,GE,MacArthur Park,GE_MA,MA,FLMA144_2,FLMA144,2,1.28E+03,,,-7.78E-02,-2.02E-02,1.37E-01,6.86E-02,-4.31E-02,1.32E-02,1.28E+03,,,,,,,,,,,,,,,,,,,,,,,,,,,,,,,,,,,,,,
3670,Florida,GE,MacArthur Park,GE_MA,MA,FLMA144_3,FLMA144,3,5.09E+02,,,-1.75E-01,5.71E-02,-2.62E-02,-2.19E-02,-1.09E-02,1.16E-02,5.09E+02,,,,,,,,,,,,,,,,,,,,,,,,,,,,,,,,,,,,,,
1608,Florida,GE,MacArthur Park,GE_MA,MA,FLMA144_3,FLMA144,3,1.12E+03,,,-1.71E-01,-1.58E-02,-2.61E-02,2.52E-02,-5.04E-02,1.22E-02,1.12E+03,,,,,,,,,,,,,,,,,,,,,,,,,,,,,,,,,,,,,,
3671,Florida,GE,MacArthur Park,GE_MA,MA,FLMA144_4,FLMA144,4,8.24E+02,,,-1.24E-01,2.87E-02,-5.65E-02,2.31E-02,-8.28E-03,1.13E-02,8.24E+02,,,,,,,,,,,,,,,,,,,,,,,,,,,,,,,,,,,,,,
3672,Florida,GE,MacArthur Park,GE_MA,MA,FLMA144_5,FLMA144,5,5.50E+02,,,-1.07E-01,3.76E-02,-6.52E-02,-8.97E-02,-1.81E-02,-1.64E-02,5.50E+02,,,,,,,,,,,,,,,,,,,,,,,,,,,,,,,,,,,,,,
3673,Florida,GE,MacArthur Park,GE_MA,MA,FLMA144_6,FLMA144,6,4.16E+02,,,-1.17E-01,2.92E-02,6.70E-03,-1.69E-02,1.25E-03,3.42E-03,4.16E+02,,,,,,,,,,,,,,,,,,,,,,,,,,,,,,,,,,,,,,
3806,Florida,GE,Savannas,GE_SA,SA,FLSA187_1,FLSA187,1,2.31E+02,,,-9.29E-02,-3.18E-03,2.49E-02,-7.47E-03,1.43E-02,-1.22E-02,2.31E+02,,,,,,,,,,,,,,,,,,,,,,,,,,,,,,,,,,,,,,
3815,Florida,GE,Savannas,GE_SA,SA,FLSA187_10,FLSA187,10,1.93E+02,,,-1.26E-01,5.98E-03,-3.90E-02,-3.16E-02,2.19E-03,-7.49E-03,1.93E+02,,,,,,,,,,,,,,,,,,,,,,,,,,,,,,,,,,,,,,
3807,Florida,GE,Savannas,GE_SA,SA,FLSA187_2,FLSA187,2,1.95E+02,,,-1.32E-01,1.12E-02,2.24E-02,9.77E-03,2.16E-02,9.47E-03,1.95E+02,,,,,,,,,,,,,,,,,,,,,,,,,,,,,,,,,,,,,,
3808,Florida,GE,Savannas,GE_SA,SA,FLSA187_3,FLSA187,3,2.69E+02,,,-1.18E-01,-9.69E-04,-3.59E-02,-7.54E-03,9.84E-03,-4.09E-03,2.69E+02,,,,,,,,,,,,,,,,,,,,,,,,,,,,,,,,,,,,,,
3809,Florida,GE,Savannas,GE_SA,SA,FLSA187_4,FLSA187,4,2.29E+02,,,-1.42E-01,-3.01E-03,-5.65E-02,-2.08E-02,5.99E-03,-5.55E-03,2.29E+02,,,,,,,,,,,,,,,,,,,,,,,,,,,,,,,,,,,,,,
3810,Florida,GE,Savannas,GE_SA,SA,FLSA187_5,FLSA187,5,2.39E+02,,,-1.25E-01,2.14E-02,-6.84E-02,-1.36E-02,1.42E-02,5.15E-04,2.39E+02,,,,,,,,,,,,,,,,,,,,,,,,,,,,,,,,,,,,,,
3811,Florida,GE,Savannas,GE_SA,SA,FLSA187_6,FLSA187,6,2.04E+02,,,-1.47E-01,1.76E-02,-7.33E-03,4.30E-02,1.19E-02,-1.09E-02,2.04E+02,,,,,,,,,,,,,,,,,,,,,,,,,,,,,,,,,,,,,,
3812,Florida,GE,Savannas,GE_SA,SA,FLSA187_7,FLSA187,7,1.32E+02,,,-1.64E-01,2.64E-02,-5.03E-03,7.28E-03,6.09E-03,-1.12E-03,1.32E+02,,,,,,,,,,,,,,,,,,,,,,,,,,,,,,,,,,,,,,
3813,Florida,GE,Savannas,GE_SA,SA,FLSA187_8,FLSA187,8,2.18E+02,,,-1.66E-01,1.36E-02,-2.85E-02,-5.95E-02,-3.86E-03,-2.47E-02,2.18E+02,,,,,,,,,,,,,,,,,,,,,,,,,,,,,,,,,,,,,,
3814,Florida,GE,Savannas,GE_SA,SA,FLSA187_9,FLSA187,9,2.40E+02,,,-8.42E-02,-1.21E-04,-3.59E-02,-1.10E-02,-4.95E-03,6.22E-03,2.40E+02,,,,,,,,,,,,,,,,,,,,,,,,,,,,,,,,,,,,,,
